-- phpMyAdmin SQL Dump
-- version 5.0.3
-- https://www.phpmyadmin.net/
--
-- Host: 127.0.0.1
-- Waktu pembuatan: 17 Apr 2022 pada 10.18
-- Versi server: 10.4.14-MariaDB
-- Versi PHP: 7.4.11

SET SQL_MODE = "NO_AUTO_VALUE_ON_ZERO";
START TRANSACTION;
SET time_zone = "+00:00";


/*!40101 SET @OLD_CHARACTER_SET_CLIENT=@@CHARACTER_SET_CLIENT */;
/*!40101 SET @OLD_CHARACTER_SET_RESULTS=@@CHARACTER_SET_RESULTS */;
/*!40101 SET @OLD_COLLATION_CONNECTION=@@COLLATION_CONNECTION */;
/*!40101 SET NAMES utf8mb4 */;

--
-- Database: `banksampah`
--

-- --------------------------------------------------------

--
-- Struktur dari tabel `berandas`
--

CREATE TABLE `berandas` (
  `id` bigint(20) UNSIGNED NOT NULL,
  `beranda` text COLLATE utf8mb4_unicode_ci NOT NULL,
  `tentang1` text COLLATE utf8mb4_unicode_ci NOT NULL,
  `tentang2` text COLLATE utf8mb4_unicode_ci NOT NULL,
  `email` varchar(50) COLLATE utf8mb4_unicode_ci NOT NULL,
  `telpon` varchar(25) COLLATE utf8mb4_unicode_ci NOT NULL,
  `alamat` varchar(255) COLLATE utf8mb4_unicode_ci DEFAULT NULL,
  `created_at` timestamp NULL DEFAULT NULL,
  `updated_at` timestamp NULL DEFAULT NULL
) ENGINE=InnoDB DEFAULT CHARSET=utf8mb4 COLLATE=utf8mb4_unicode_ci;

--
-- Dumping data untuk tabel `berandas`
--

INSERT INTO `berandas` (`id`, `beranda`, `tentang1`, `tentang2`, `email`, `telpon`, `alamat`, `created_at`, `updated_at`) VALUES
(1, '<div class=\"col-lg-8 align-self-end\">\r\n                            <h1 class=\"text-white font-weight-bold\">Selamat Datang</h1>\r\n                            <hr class=\"divider\" />\r\n                        </div>\r\n                        <div class=\"col-lg-8 align-self-baseline\">\r\n                            <p class=\"text-white-75 mb-5\">Layanan Bank Sampah Wirasatya</p>\r\n                        </div>', 'Bank sampah wirasatya telah berdiri sejak tahun 2014 sampai sekarang dan dikelola oleh para ibu-ibu PKK Dusun Wirasatya Desa Sidakarya, dimana Bank sampah wirasatya merupakan suatu tempat untuk pengumpulan sampah yang sudah dipilah - pilah. Saat ini Bank Sampah Wirasatya telah memiliki sebanyak 158 nasabah.', 'Menabung sampah adalah suatu gerakan yang mengajak masyarakat untuk lebih menghargai sampah sehingga mereka tidak membuang sampah secara sembarangan yang lama-kelamaan bisa merugikan dan merusak lingkungan. Anak-anak hingga dewasa (rumah tangga) diajari cara memilah sampah sesuai jenisnya. Nah, sampah yang telah dipilah di rumah tersebut bisa ditabung di bank sampah sehingga menghasilkan tabungan dalam bentuk uang.', 'banksampahwirasatya@gmail.com', '081236740860', 'Jl. Wirasatya IV No.11, Semawang, Sidakarya, Denpasar Selatan, Kota Denpasar, Bali 80224', NULL, '2022-04-11 04:46:19');

-- --------------------------------------------------------

--
-- Struktur dari tabel `galeries`
--

CREATE TABLE `galeries` (
  `id` bigint(20) UNSIGNED NOT NULL,
  `judul` varchar(100) COLLATE utf8mb4_unicode_ci NOT NULL,
  `gambar` varchar(100) COLLATE utf8mb4_unicode_ci NOT NULL,
  `created_at` timestamp NULL DEFAULT NULL,
  `updated_at` timestamp NULL DEFAULT NULL
) ENGINE=InnoDB DEFAULT CHARSET=utf8mb4 COLLATE=utf8mb4_unicode_ci;

--
-- Dumping data untuk tabel `galeries`
--

INSERT INTO `galeries` (`id`, `judul`, `gambar`, `created_at`, `updated_at`) VALUES
(1, 'Kegiatan Pemilihan Sampah', '2.jpg', NULL, NULL),
(2, 'Penimbangan Sampah', 'WhatsApp Image 2022-01-02 at 15.07.32.jpeg', NULL, NULL),
(3, 'Kunjungan Kampus ITEKES BALI ke Bank Sampah Wirasatya', 'WhatsApp Image 2022-01-02 at 15.04.58 (2).jpeg', NULL, NULL),
(4, 'Bank Sampah Wirasatya Mendapat Penghargaan', 'WhatsApp Image 2022-01-02 at 15.04.58.jpeg', NULL, NULL),
(5, 'Perayaan Ulang Tahun Bank Sampah Wirasatya ke-1', 'ultah 1.JPG', NULL, NULL),
(10, 'Kegiatan Transaksi Menabung', 'WhatsApp Image 2022-01-02 at 15.07.31.jpeg', NULL, NULL);

-- --------------------------------------------------------

--
-- Struktur dari tabel `jenis_sampahs`
--

CREATE TABLE `jenis_sampahs` (
  `id` bigint(20) UNSIGNED NOT NULL,
  `jenis` varchar(50) COLLATE utf8mb4_unicode_ci NOT NULL,
  `harga` int(11) NOT NULL,
  `pengepul` int(11) DEFAULT 0,
  `keterangan` varchar(255) COLLATE utf8mb4_unicode_ci NOT NULL,
  `created_at` timestamp NULL DEFAULT NULL,
  `updated_at` timestamp NULL DEFAULT NULL
) ENGINE=InnoDB DEFAULT CHARSET=utf8mb4 COLLATE=utf8mb4_unicode_ci;

--
-- Dumping data untuk tabel `jenis_sampahs`
--

INSERT INTO `jenis_sampahs` (`id`, `jenis`, `harga`, `pengepul`, `keterangan`, `created_at`, `updated_at`) VALUES
(1, 'Ale Ale', 1500, 2500, 'Kg', NULL, NULL),
(2, 'ALK', 8000, 11000, 'Pcs', NULL, '2022-02-12 14:08:55'),
(3, 'Buku Tulis', 700, 1200, 'Kg', NULL, NULL),
(4, 'Bir Bintang Besar', 700, 1000, 'Pcs', NULL, NULL),
(5, 'Kaset CD', 1500, 3000, 'Kg', NULL, NULL),
(6, 'Aluminium / Panci', 9000, 12000, 'Kg', '2022-02-12 14:07:22', '2022-02-12 14:07:22'),
(7, 'Besi Tebal', 2000, 3500, 'Kg', '2022-02-12 14:08:25', '2022-02-12 14:08:25'),
(8, 'Besi Tipis', 1000, 2000, 'Kg', '2022-02-12 14:08:45', '2022-02-12 14:08:45'),
(9, 'Stenlis', 1500, 2500, 'Kg', '2022-02-12 14:09:29', '2022-02-12 14:09:29'),
(10, 'Seng', 700, 1000, 'Kg', '2022-02-12 14:10:24', '2022-02-12 14:10:24'),
(11, 'Omplong', 1200, 2000, 'Kg', '2022-02-12 14:13:46', '2022-02-12 14:13:46'),
(12, 'Botol Plastik Bersih', 2500, 3000, 'Kg', '2022-02-12 14:16:16', '2022-02-12 14:16:16'),
(13, 'Botol Plastik Kotor', 1500, 2000, 'Kg', '2022-02-12 14:16:49', '2022-02-12 14:16:49'),
(14, 'Botol Plastik Bening', 200, 300, 'Kg', '2022-02-12 14:17:12', '2022-02-12 14:17:12'),
(15, 'Emberan', 1000, 2000, 'Kg', '2022-02-12 14:17:47', '2022-02-12 14:17:47'),
(16, 'Jerigen', 2500, 4000, 'Kg', '2022-02-12 14:18:11', '2022-02-12 14:18:11'),
(17, 'Kresek Campur', 400, 700, 'Kg', '2022-02-12 14:18:43', '2022-02-12 14:18:43'),
(18, 'Pipet', 700, 1000, 'Kg', '2022-02-12 14:19:13', '2022-02-12 14:19:13'),
(19, 'Paralon', 800, 1500, 'Kg', '2022-02-12 14:19:47', '2022-02-12 14:19:47'),
(20, 'Mantel', 400, 700, 'Kg', '2022-02-12 14:20:21', '2022-02-12 14:20:21'),
(21, 'Botol Plastik Warna', 25, 50, 'Kg', '2022-02-12 14:21:19', '2022-02-12 14:21:19'),
(22, 'PE', 800, 1200, 'Kg', '2022-02-12 14:21:59', '2022-02-12 14:21:59'),
(23, 'Buram', 700, 1300, 'Kg', '2022-02-12 14:23:22', '2022-02-12 14:23:22'),
(24, 'Kertas Cetak', 1500, 2000, 'Kg', '2022-02-12 14:24:31', '2022-02-12 14:24:31'),
(25, 'Duplek', 700, 1000, 'Kg', '2022-02-12 14:25:13', '2022-02-12 14:25:13'),
(26, 'Kardus', 1100, 2250, 'Kg', '2022-02-12 14:37:49', '2022-02-12 14:37:49'),
(27, 'Koran', 2000, 3000, 'Kg', '2022-02-12 14:38:17', '2022-02-12 14:38:17'),
(28, 'Majalah', 700, 1000, 'Kg', '2022-02-12 14:38:49', '2022-02-12 14:38:49'),
(29, 'Kertas Campur', 800, 1200, 'Kg', '2022-02-12 14:39:20', '2022-02-12 14:39:20'),
(30, 'Kertas Semen', 800, 1200, 'Kg', '2022-02-12 14:40:15', '2022-02-12 14:40:15'),
(31, 'Bir Bintang Kecil', 200, 350, 'Pcs', '2022-02-12 14:40:49', '2022-02-12 14:40:49'),
(32, 'Sepatu/Tas', 200, 300, 'Kg', '2022-02-12 14:42:02', '2022-02-12 14:42:02'),
(33, 'Tv', 15000, 20000, 'Pcs', '2022-02-12 14:42:35', '2022-02-12 14:42:48'),
(34, 'Kulkas', 35000, 50000, 'Pcs', '2022-02-12 14:43:13', '2022-02-12 14:43:13'),
(35, 'Kelapa', 1000, 1500, 'Kg', '2022-02-12 14:43:34', '2022-02-12 14:43:34'),
(36, 'Karpet', 400, 700, 'Kg', '2022-02-12 14:44:10', '2022-02-12 14:44:10'),
(37, 'Aki', 8000, 11000, 'Kg', '2022-02-12 14:44:43', '2022-02-12 14:44:43'),
(38, 'Saset', 500, 400, 'Kg', '2022-02-13 07:11:58', '2022-02-13 07:11:58'),
(41, 'Kaleng', 450, 0, 'Kg', '2022-04-11 04:20:19', '2022-04-11 04:20:51'),
(42, 'cobak', 10001, 12001, 'kg', '2022-04-17 04:15:58', '2022-04-17 04:16:50');

-- --------------------------------------------------------

--
-- Struktur dari tabel `migrations`
--

CREATE TABLE `migrations` (
  `id` int(10) UNSIGNED NOT NULL,
  `migration` varchar(255) COLLATE utf8mb4_unicode_ci NOT NULL,
  `batch` int(11) NOT NULL
) ENGINE=InnoDB DEFAULT CHARSET=utf8mb4 COLLATE=utf8mb4_unicode_ci;

--
-- Dumping data untuk tabel `migrations`
--

INSERT INTO `migrations` (`id`, `migration`, `batch`) VALUES
(1, '2014_10_12_000000_create_users_table', 1),
(2, '2020_12_21_091822_create_jenis_sampahs_table', 1),
(3, '2020_12_21_091859_create_tabungans_table', 1),
(4, '2022_01_29_085318_create_galeries_table', 1),
(5, '2022_01_29_091041_create_berandas_table', 1),
(6, '2022_01_30_091421_create_transaksis_table', 1),
(7, '2022_01_30_091518_create_sampahs_table', 1),
(8, '2022_02_11_104752_create_sampah_menus_table', 1);

-- --------------------------------------------------------

--
-- Struktur dari tabel `sampahs`
--

CREATE TABLE `sampahs` (
  `id` bigint(20) UNSIGNED NOT NULL,
  `id_jenis` bigint(20) UNSIGNED NOT NULL,
  `id_transaksi` bigint(20) UNSIGNED NOT NULL,
  `harga` int(11) NOT NULL,
  `jumlah` double(8,2) NOT NULL,
  `total` int(11) NOT NULL,
  `created_at` timestamp NULL DEFAULT NULL,
  `updated_at` timestamp NULL DEFAULT NULL
) ENGINE=InnoDB DEFAULT CHARSET=utf8mb4 COLLATE=utf8mb4_unicode_ci;

--
-- Dumping data untuk tabel `sampahs`
--

INSERT INTO `sampahs` (`id`, `id_jenis`, `id_transaksi`, `harga`, `jumlah`, `total`, `created_at`, `updated_at`) VALUES
(9, 12, 5, 2500, 0.90, 2250, '2021-09-18 17:00:00', '2022-02-21 03:44:19'),
(10, 14, 5, 200, 0.90, 180, '2021-09-18 17:00:00', '2022-02-21 03:44:19'),
(11, 25, 5, 700, 0.60, 420, '2021-09-18 17:00:00', '2022-02-21 03:44:19'),
(12, 15, 5, 1000, 0.30, 300, '2021-09-18 17:00:00', '2022-02-21 03:44:19'),
(13, 26, 5, 1100, 0.80, 880, '2021-09-18 17:00:00', '2022-02-21 03:44:19'),
(14, 17, 5, 400, 0.10, 40, '2021-09-18 17:00:00', '2022-02-21 03:44:19'),
(15, 22, 5, 800, 0.20, 160, '2021-09-18 17:00:00', '2022-02-21 03:44:19'),
(16, 12, 6, 2500, 0.30, 750, '2021-09-18 17:00:00', '2022-02-21 03:44:19'),
(17, 14, 6, 200, 0.50, 100, '2021-09-18 17:00:00', '2022-02-21 03:44:19'),
(18, 25, 6, 700, 0.40, 280, '2021-09-18 17:00:00', '2022-02-21 03:44:19'),
(19, 15, 6, 1000, 0.40, 400, '2021-09-18 17:00:00', '2022-02-21 03:44:19'),
(20, 22, 6, 800, 0.30, 240, '2021-09-18 17:00:00', '2022-02-21 03:44:19'),
(21, 5, 7, 1500, 0.20, 300, '2021-09-18 17:00:00', '2022-02-21 03:44:19'),
(22, 25, 7, 700, 0.40, 280, '2021-09-18 17:00:00', '2022-02-21 03:44:19'),
(23, 15, 7, 1000, 2.00, 2000, '2021-09-18 17:00:00', '2022-02-21 03:44:19'),
(24, 17, 7, 400, 0.40, 160, '2021-09-18 17:00:00', '2022-02-21 03:44:19'),
(25, 35, 7, 1000, 7.00, 7000, '2021-09-18 17:00:00', '2022-02-21 03:44:19'),
(26, 2, 8, 8000, 0.01, 80, '2021-09-18 17:00:00', '2022-02-21 03:44:20'),
(27, 7, 8, 2000, 0.20, 400, '2021-09-18 17:00:00', '2022-02-21 03:44:20'),
(28, 12, 8, 2500, 0.60, 1500, '2021-09-18 17:00:00', '2022-02-21 03:44:20'),
(29, 14, 8, 200, 0.10, 20, '2021-09-18 17:00:00', '2022-02-21 03:44:20'),
(30, 25, 8, 700, 0.60, 420, '2021-09-18 17:00:00', '2022-02-21 03:44:20'),
(31, 15, 8, 1000, 0.70, 700, '2021-09-18 17:00:00', '2022-02-21 03:44:20'),
(32, 26, 8, 1100, 1.80, 1980, '2021-09-18 17:00:00', '2022-02-21 03:44:20'),
(33, 11, 8, 1200, 0.20, 240, '2021-09-18 17:00:00', '2022-02-21 03:44:20'),
(34, 22, 8, 800, 0.30, 240, '2021-09-18 17:00:00', '2022-02-21 03:44:20'),
(35, 6, 9, 9000, 1.60, 14400, '2021-09-18 17:00:00', '2022-02-21 03:44:20'),
(36, 15, 9, 1000, 1.50, 1500, '2021-09-18 17:00:00', '2022-02-21 03:44:20'),
(37, 26, 9, 1100, 2.80, 3080, '2021-09-18 17:00:00', '2022-02-21 03:44:20'),
(38, 7, 10, 2000, 3.80, 7600, '2021-09-18 17:00:00', '2022-02-21 03:44:20'),
(39, 23, 10, 700, 0.40, 280, '2021-09-18 17:00:00', '2022-02-21 03:44:20'),
(40, 15, 10, 1000, 1.40, 1400, '2021-09-18 17:00:00', '2022-02-21 03:44:20'),
(41, 6, 11, 9000, 1.00, 9000, '2021-09-18 17:00:00', '2022-02-21 03:44:20'),
(42, 7, 11, 2000, 1.00, 2000, '2021-09-18 17:00:00', '2022-02-21 03:44:20'),
(43, 15, 11, 1000, 2.20, 2200, '2021-09-18 17:00:00', '2022-02-21 03:44:20'),
(44, 8, 12, 1000, 0.50, 500, '2021-09-18 17:00:00', '2022-02-21 03:44:20'),
(45, 15, 12, 1000, 1.40, 1400, '2021-09-18 17:00:00', '2022-02-21 03:44:20'),
(46, 16, 12, 2500, 0.10, 250, '2021-09-18 17:00:00', '2022-02-21 03:44:20'),
(47, 11, 12, 1200, 0.40, 480, '2021-09-18 17:00:00', '2022-02-21 03:44:20'),
(48, 7, 13, 2000, 0.40, 800, '2021-09-18 17:00:00', '2022-02-21 03:44:20'),
(49, 15, 13, 1000, 0.70, 700, '2021-09-18 17:00:00', '2022-02-21 03:44:20'),
(50, 32, 13, 200, 3.00, 600, '2021-09-18 17:00:00', '2022-02-21 03:44:20'),
(51, 8, 14, 1000, 1.90, 1900, '2021-09-18 17:00:00', '2022-02-21 03:44:20'),
(52, 25, 14, 700, 0.50, 350, '2021-09-18 17:00:00', '2022-02-21 03:44:20'),
(53, 15, 14, 1000, 3.50, 3500, '2021-09-18 17:00:00', '2022-02-21 03:44:20'),
(54, 15, 15, 1000, 0.80, 800, '2021-09-18 17:00:00', '2022-02-21 03:44:20'),
(55, 12, 16, 2500, 1.40, 3500, '2021-09-18 17:00:00', '2022-02-21 03:44:20'),
(56, 15, 16, 1000, 2.50, 2500, '2021-09-18 17:00:00', '2022-02-21 03:44:20'),
(57, 26, 16, 1100, 3.90, 4290, '2021-09-18 17:00:00', '2022-02-21 03:44:20'),
(58, 13, 17, 1500, 0.30, 450, '2021-09-18 17:00:00', '2022-02-21 03:44:20'),
(59, 25, 17, 700, 0.30, 210, '2021-09-18 17:00:00', '2022-02-21 03:44:20'),
(60, 26, 17, 1100, 1.90, 2090, '2021-09-18 17:00:00', '2022-02-21 03:44:20'),
(61, 22, 17, 800, 0.40, 320, '2021-09-18 17:00:00', '2022-02-21 03:44:20'),
(62, 2, 18, 8000, 0.01, 80, '2021-09-18 17:00:00', '2022-02-21 03:44:20'),
(63, 13, 18, 1500, 0.70, 1050, '2021-09-18 17:00:00', '2022-02-21 03:44:20'),
(64, 14, 18, 200, 2.10, 420, '2021-09-18 17:00:00', '2022-02-21 03:44:20'),
(65, 24, 18, 1500, 3.70, 5550, '2021-09-18 17:00:00', '2022-02-21 03:44:20'),
(66, 25, 18, 700, 0.30, 210, '2021-09-18 17:00:00', '2022-02-21 03:44:20'),
(67, 15, 18, 1000, 0.60, 600, '2021-09-18 17:00:00', '2022-02-21 03:44:20'),
(68, 11, 18, 1200, 0.40, 480, '2021-09-18 17:00:00', '2022-02-21 03:44:20'),
(69, 8, 19, 1000, 0.50, 500, '2021-09-18 17:00:00', '2022-02-21 03:44:20'),
(70, 14, 19, 200, 0.10, 20, '2021-09-18 17:00:00', '2022-02-21 03:44:20'),
(71, 15, 19, 1000, 1.60, 1600, '2021-09-18 17:00:00', '2022-02-21 03:44:20'),
(72, 26, 19, 1100, 1.50, 1650, '2021-09-18 17:00:00', '2022-02-21 03:44:20'),
(73, 11, 19, 1200, 0.10, 120, '2021-09-18 17:00:00', '2022-02-21 03:44:20'),
(74, 8, 20, 1000, 1.10, 1100, '2021-09-18 17:00:00', '2022-02-21 03:44:20'),
(75, 15, 20, 1000, 0.70, 700, '2021-09-18 17:00:00', '2022-02-21 03:44:20'),
(76, 26, 20, 1100, 0.90, 990, '2021-09-18 17:00:00', '2022-02-21 03:44:20'),
(77, 15, 21, 1000, 3.60, 3600, '2021-09-18 17:00:00', '2022-02-21 03:44:21'),
(78, 2, 22, 8000, 0.02, 160, '2021-09-18 17:00:00', '2022-02-21 03:44:21'),
(79, 21, 22, 25, 0.10, 3, '2021-09-18 17:00:00', '2022-02-21 03:44:21'),
(80, 15, 22, 1000, 0.40, 400, '2021-09-18 17:00:00', '2022-02-21 03:44:21'),
(81, 11, 22, 1200, 0.10, 120, '2021-09-18 17:00:00', '2022-02-21 03:44:21'),
(82, 13, 23, 1500, 2.10, 3150, '2021-09-18 17:00:00', '2022-02-21 03:44:21'),
(83, 21, 23, 25, 0.10, 3, '2021-09-18 17:00:00', '2022-02-21 03:44:21'),
(84, 25, 23, 700, 0.30, 210, '2021-09-18 17:00:00', '2022-02-21 03:44:21'),
(85, 15, 23, 1000, 0.30, 300, '2021-09-18 17:00:00', '2022-02-21 03:44:21'),
(86, 22, 23, 800, 0.60, 480, '2021-09-18 17:00:00', '2022-02-21 03:44:21'),
(87, 12, 24, 2500, 0.30, 750, '2021-09-18 17:00:00', '2022-02-21 03:44:21'),
(88, 13, 24, 1500, 0.50, 750, '2021-09-18 17:00:00', '2022-02-21 03:44:21'),
(89, 22, 24, 800, 0.10, 80, '2021-09-18 17:00:00', '2022-02-21 03:44:21'),
(90, 12, 25, 2500, 0.40, 1000, '2021-10-02 17:00:00', '2022-02-21 03:44:21'),
(91, 14, 25, 200, 0.30, 60, '2021-10-02 17:00:00', '2022-02-21 03:44:21'),
(92, 21, 25, 25, 0.30, 8, '2021-10-02 17:00:00', '2022-02-21 03:44:21'),
(93, 25, 25, 700, 1.00, 700, '2021-10-02 17:00:00', '2022-02-21 03:44:21'),
(94, 15, 25, 1000, 1.30, 1300, '2021-10-02 17:00:00', '2022-02-21 03:44:21'),
(95, 16, 25, 2500, 0.20, 500, '2021-10-02 17:00:00', '2022-02-21 03:44:21'),
(96, 26, 25, 1100, 0.30, 330, '2021-10-02 17:00:00', '2022-02-21 03:44:21'),
(97, 11, 25, 1200, 0.30, 360, '2021-10-02 17:00:00', '2022-02-21 03:44:21'),
(98, 22, 25, 800, 0.30, 240, '2021-10-02 17:00:00', '2022-02-21 03:44:21'),
(99, 2, 26, 8000, 0.01, 80, '2021-10-02 17:00:00', '2022-02-21 03:44:21'),
(100, 12, 26, 2500, 0.30, 750, '2021-10-02 17:00:00', '2022-02-21 03:44:21'),
(101, 15, 26, 1000, 0.50, 500, '2021-10-02 17:00:00', '2022-02-21 03:44:21'),
(102, 11, 26, 1200, 0.20, 240, '2021-10-02 17:00:00', '2022-02-21 03:44:21'),
(103, 22, 26, 800, 0.30, 240, '2021-10-02 17:00:00', '2022-02-21 03:44:21'),
(104, 12, 27, 2500, 0.60, 1500, '2021-10-02 17:00:00', '2022-02-21 03:44:21'),
(105, 25, 27, 700, 0.20, 140, '2021-10-02 17:00:00', '2022-02-21 03:44:21'),
(106, 15, 27, 1000, 0.20, 200, '2021-10-02 17:00:00', '2022-02-21 03:44:21'),
(107, 26, 27, 1100, 1.80, 1980, '2021-10-02 17:00:00', '2022-02-21 03:44:21'),
(108, 11, 27, 1200, 0.20, 240, '2021-10-02 17:00:00', '2022-02-21 03:44:21'),
(109, 25, 28, 700, 0.40, 280, '2021-10-02 17:00:00', '2022-02-21 03:44:21'),
(110, 15, 28, 1000, 0.20, 200, '2021-10-02 17:00:00', '2022-02-21 03:44:21'),
(111, 26, 28, 1100, 1.50, 1650, '2021-10-02 17:00:00', '2022-02-21 03:44:21'),
(112, 27, 28, 2000, 0.10, 200, '2021-10-02 17:00:00', '2022-02-21 03:44:21'),
(113, 22, 28, 800, 0.20, 160, '2021-10-02 17:00:00', '2022-02-21 03:44:21'),
(114, 2, 29, 8000, 0.04, 320, '2021-10-02 17:00:00', '2022-02-21 03:44:21'),
(115, 25, 29, 700, 0.40, 280, '2021-10-02 17:00:00', '2022-02-21 03:44:21'),
(116, 26, 29, 1100, 0.50, 550, '2021-10-02 17:00:00', '2022-02-21 03:44:21'),
(117, 2, 30, 8000, 0.03, 240, '2021-10-02 17:00:00', '2022-02-21 03:44:21'),
(118, 12, 30, 2500, 0.70, 1750, '2021-10-02 17:00:00', '2022-02-21 03:44:21'),
(119, 15, 30, 1000, 0.30, 300, '2021-10-02 17:00:00', '2022-02-21 03:44:21'),
(120, 26, 30, 1100, 1.20, 1320, '2021-10-02 17:00:00', '2022-02-21 03:44:21'),
(121, 12, 31, 2500, 0.50, 1250, '2021-10-02 17:00:00', '2022-02-21 03:44:21'),
(122, 15, 31, 1000, 0.20, 200, '2021-10-02 17:00:00', '2022-02-21 03:44:21'),
(123, 16, 31, 2500, 0.40, 1000, '2021-10-02 17:00:00', '2022-02-21 03:44:21'),
(124, 29, 31, 800, 0.10, 80, '2021-10-02 17:00:00', '2022-02-21 03:44:21'),
(125, 22, 31, 800, 0.10, 80, '2021-10-02 17:00:00', '2022-02-21 03:44:21'),
(126, 12, 32, 2500, 0.40, 1000, '2021-10-02 17:00:00', '2022-02-21 03:44:21'),
(127, 24, 32, 1500, 2.10, 3150, '2021-10-02 17:00:00', '2022-02-21 03:44:21'),
(128, 15, 32, 1000, 0.30, 300, '2021-10-02 17:00:00', '2022-02-21 03:44:21'),
(129, 26, 32, 1100, 1.40, 1540, '2021-10-02 17:00:00', '2022-02-21 03:44:21'),
(130, 22, 32, 800, 0.60, 480, '2021-10-02 17:00:00', '2022-02-21 03:44:21'),
(131, 2, 33, 8000, 0.01, 80, '2021-10-02 17:00:00', '2022-02-21 03:44:21'),
(132, 12, 33, 2500, 1.10, 2750, '2021-10-02 17:00:00', '2022-02-21 03:44:21'),
(133, 25, 33, 700, 0.40, 280, '2021-10-02 17:00:00', '2022-02-21 03:44:21'),
(134, 12, 34, 2500, 0.20, 500, '2021-10-02 17:00:00', '2022-02-21 03:44:21'),
(135, 26, 34, 1100, 0.70, 770, '2021-10-02 17:00:00', '2022-02-21 03:44:21'),
(136, 22, 34, 800, 0.20, 160, '2021-10-02 17:00:00', '2022-02-21 03:44:21'),
(137, 15, 35, 1000, 0.30, 300, '2021-10-02 17:00:00', '2022-02-21 03:44:21'),
(138, 26, 35, 1100, 0.50, 550, '2021-10-02 17:00:00', '2022-02-21 03:44:21'),
(139, 22, 35, 800, 0.20, 160, '2021-10-02 17:00:00', '2022-02-21 03:44:21'),
(140, 12, 36, 2500, 0.30, 750, '2021-10-02 17:00:00', '2022-02-21 03:44:22'),
(141, 21, 36, 25, 0.10, 3, '2021-10-02 17:00:00', '2022-02-21 03:44:22'),
(142, 25, 36, 700, 0.20, 140, '2021-10-02 17:00:00', '2022-02-21 03:44:22'),
(143, 26, 36, 1100, 0.30, 330, '2021-10-02 17:00:00', '2022-02-21 03:44:22'),
(144, 22, 36, 800, 0.10, 80, '2021-10-02 17:00:00', '2022-02-21 03:44:22'),
(145, 2, 37, 8000, 0.01, 80, '2021-10-02 17:00:00', '2022-02-21 03:44:22'),
(146, 6, 37, 9000, 0.30, 2700, '2021-10-02 17:00:00', '2022-02-21 03:44:22'),
(147, 8, 37, 1000, 0.70, 700, '2021-10-02 17:00:00', '2022-02-21 03:44:22'),
(148, 13, 37, 1500, 2.20, 3300, '2021-10-02 17:00:00', '2022-02-21 03:44:22'),
(149, 15, 37, 1000, 1.90, 1900, '2021-10-02 17:00:00', '2022-02-21 03:44:22'),
(150, 16, 37, 2500, 0.60, 1500, '2021-10-02 17:00:00', '2022-02-21 03:44:22'),
(151, 26, 37, 1100, 0.60, 660, '2021-10-02 17:00:00', '2022-02-21 03:44:22'),
(152, 17, 37, 400, 0.30, 120, '2021-10-02 17:00:00', '2022-02-21 03:44:22'),
(153, 11, 37, 1200, 0.20, 240, '2021-10-02 17:00:00', '2022-02-21 03:44:22'),
(154, 1, 38, 1500, 0.10, 150, '2021-10-02 17:00:00', '2022-02-21 03:44:22'),
(155, 13, 38, 1500, 0.20, 300, '2021-10-02 17:00:00', '2022-02-21 03:44:22'),
(156, 14, 38, 200, 0.60, 120, '2021-10-02 17:00:00', '2022-02-21 03:44:22'),
(157, 25, 38, 700, 0.50, 350, '2021-10-02 17:00:00', '2022-02-21 03:44:22'),
(158, 17, 38, 400, 0.60, 240, '2021-10-02 17:00:00', '2022-02-21 03:44:22'),
(159, 6, 39, 9000, 0.60, 5400, '2021-10-02 17:00:00', '2022-02-21 03:44:22'),
(160, 13, 39, 1500, 0.30, 450, '2021-10-02 17:00:00', '2022-02-21 03:44:22'),
(161, 25, 39, 700, 0.30, 210, '2021-10-02 17:00:00', '2022-02-21 03:44:22'),
(162, 15, 39, 1000, 1.40, 1400, '2021-10-02 17:00:00', '2022-02-21 03:44:22'),
(163, 26, 39, 1100, 0.60, 660, '2021-10-02 17:00:00', '2022-02-21 03:44:22'),
(164, 22, 39, 800, 0.20, 160, '2021-10-02 17:00:00', '2022-02-21 03:44:22'),
(165, 9, 39, 1500, 0.10, 150, '2021-10-02 17:00:00', '2022-02-21 03:44:22'),
(166, 13, 40, 1500, 1.30, 1950, '2021-10-02 17:00:00', '2022-02-21 03:44:22'),
(167, 2, 41, 8000, 0.02, 160, '2021-10-02 17:00:00', '2022-02-21 03:44:22'),
(168, 4, 41, 700, 5.00, 3500, '2021-10-02 17:00:00', '2022-02-21 03:44:22'),
(169, 31, 41, 200, 1.00, 200, '2021-10-02 17:00:00', '2022-02-21 03:44:22'),
(170, 13, 41, 1500, 0.50, 750, '2021-10-02 17:00:00', '2022-02-21 03:44:22'),
(171, 15, 41, 1000, 0.10, 100, '2021-10-02 17:00:00', '2022-02-21 03:44:22'),
(172, 11, 41, 1200, 0.30, 360, '2021-10-02 17:00:00', '2022-02-21 03:44:22'),
(173, 22, 41, 800, 0.30, 240, '2021-10-02 17:00:00', '2022-02-21 03:44:22'),
(174, 12, 42, 2500, 1.10, 2750, '2021-10-02 17:00:00', '2022-02-21 03:44:22'),
(175, 24, 42, 1500, 13.80, 20700, '2021-10-02 17:00:00', '2022-02-21 03:44:22'),
(176, 15, 42, 1000, 2.10, 2100, '2021-10-02 17:00:00', '2022-02-21 03:44:22'),
(177, 26, 42, 1100, 2.90, 3190, '2021-10-02 17:00:00', '2022-02-21 03:44:22'),
(178, 29, 42, 800, 4.30, 3440, '2021-10-02 17:00:00', '2022-02-21 03:44:22'),
(179, 11, 42, 1200, 0.30, 360, '2021-10-02 17:00:00', '2022-02-21 03:44:22'),
(180, 13, 43, 1500, 0.20, 300, '2021-10-02 17:00:00', '2022-02-21 03:44:22'),
(181, 24, 43, 1500, 1.20, 1800, '2021-10-02 17:00:00', '2022-02-21 03:44:22'),
(182, 15, 43, 1000, 0.50, 500, '2021-10-02 17:00:00', '2022-02-21 03:44:22'),
(183, 13, 44, 1500, 0.30, 450, '2021-10-02 17:00:00', '2022-02-21 03:44:22'),
(184, 25, 44, 700, 0.10, 70, '2021-10-02 17:00:00', '2022-02-21 03:44:22'),
(185, 15, 44, 1000, 0.30, 300, '2021-10-02 17:00:00', '2022-02-21 03:44:22'),
(186, 22, 44, 800, 0.30, 240, '2021-10-02 17:00:00', '2022-02-21 03:44:22'),
(187, 13, 45, 1500, 0.40, 600, '2021-10-02 17:00:00', '2022-02-21 03:44:22'),
(188, 26, 45, 1100, 3.40, 3740, '2021-10-02 17:00:00', '2022-02-21 03:44:22'),
(189, 17, 46, 400, 0.40, 160, '2021-10-02 17:00:00', '2022-02-21 03:44:22'),
(190, 12, 47, 2500, 1.30, 3250, '2021-10-02 17:00:00', '2022-02-21 03:44:22'),
(191, 25, 47, 700, 1.70, 1190, '2021-10-02 17:00:00', '2022-02-21 03:44:22'),
(192, 26, 47, 1100, 4.50, 4950, '2021-10-02 17:00:00', '2022-02-21 03:44:22'),
(193, 12, 48, 2500, 0.50, 1250, '2021-10-02 17:00:00', '2022-02-21 03:44:22'),
(194, 25, 48, 700, 0.30, 210, '2021-10-02 17:00:00', '2022-02-21 03:44:22'),
(195, 26, 48, 1100, 0.50, 550, '2021-10-02 17:00:00', '2022-02-21 03:44:22'),
(196, 2, 49, 8000, 0.20, 1600, '2021-10-02 17:00:00', '2022-02-21 03:44:22'),
(197, 31, 49, 200, 2.00, 400, '2021-10-02 17:00:00', '2022-02-21 03:44:22'),
(198, 13, 49, 1500, 0.60, 900, '2021-10-02 17:00:00', '2022-02-21 03:44:22'),
(199, 21, 49, 25, 0.20, 5, '2021-10-02 17:00:00', '2022-02-21 03:44:22'),
(200, 25, 49, 700, 0.70, 490, '2021-10-02 17:00:00', '2022-02-21 03:44:22'),
(201, 15, 49, 1000, 0.70, 700, '2021-10-02 17:00:00', '2022-02-21 03:44:22'),
(202, 16, 49, 2500, 0.20, 500, '2021-10-02 17:00:00', '2022-02-21 03:44:22'),
(203, 26, 49, 1100, 1.00, 1100, '2021-10-02 17:00:00', '2022-02-21 03:44:22'),
(204, 17, 49, 400, 0.30, 120, '2021-10-02 17:00:00', '2022-02-21 03:44:22'),
(205, 35, 49, 1000, 2.20, 2200, '2021-10-02 17:00:00', '2022-02-21 03:44:22'),
(206, 11, 49, 1200, 0.60, 720, '2021-10-02 17:00:00', '2022-02-21 03:44:22'),
(207, 22, 49, 800, 0.20, 160, '2021-10-02 17:00:00', '2022-02-21 03:44:22'),
(208, 25, 50, 700, 0.40, 280, '2021-10-02 17:00:00', '2022-02-21 03:44:22'),
(209, 15, 50, 1000, 0.30, 300, '2021-10-02 17:00:00', '2022-02-21 03:44:22'),
(210, 17, 50, 400, 0.30, 120, '2021-10-02 17:00:00', '2022-02-21 03:44:22'),
(211, 35, 50, 1000, 1.90, 1900, '2021-10-02 17:00:00', '2022-02-21 03:44:22'),
(212, 13, 51, 1500, 0.30, 450, '2021-10-02 17:00:00', '2022-02-21 03:44:22'),
(213, 15, 51, 1000, 1.20, 1200, '2021-10-02 17:00:00', '2022-02-21 03:44:22'),
(214, 15, 52, 1000, 1.70, 1700, '2021-10-02 17:00:00', '2022-02-21 03:44:22'),
(215, 26, 52, 1100, 6.50, 7150, '2021-10-02 17:00:00', '2022-02-21 03:44:22'),
(216, 12, 53, 2500, 1.50, 3750, '2021-10-16 17:00:00', '2022-02-21 03:44:22'),
(217, 14, 53, 200, 1.10, 220, '2021-10-16 17:00:00', '2022-02-21 03:44:22'),
(218, 25, 53, 700, 3.90, 2730, '2021-10-16 17:00:00', '2022-02-21 03:44:22'),
(219, 15, 53, 1000, 5.80, 5800, '2021-10-16 17:00:00', '2022-02-21 03:44:22'),
(220, 26, 53, 1100, 1.40, 1540, '2021-10-16 17:00:00', '2022-02-21 03:44:22'),
(221, 22, 53, 800, 1.20, 960, '2021-10-16 17:00:00', '2022-02-21 03:44:22'),
(222, 12, 54, 2500, 0.30, 750, '2021-10-16 17:00:00', '2022-02-21 03:44:22'),
(223, 25, 54, 700, 0.90, 630, '2021-10-16 17:00:00', '2022-02-21 03:44:22'),
(224, 15, 54, 1000, 0.60, 600, '2021-10-16 17:00:00', '2022-02-21 03:44:22'),
(225, 22, 54, 800, 0.30, 240, '2021-10-16 17:00:00', '2022-02-21 03:44:22'),
(226, 12, 55, 2500, 0.20, 500, '2021-10-16 17:00:00', '2022-02-21 03:44:23'),
(227, 14, 55, 200, 1.90, 380, '2021-10-16 17:00:00', '2022-02-21 03:44:23'),
(228, 25, 55, 700, 0.10, 70, '2021-10-16 17:00:00', '2022-02-21 03:44:23'),
(229, 15, 55, 1000, 0.70, 700, '2021-10-16 17:00:00', '2022-02-21 03:44:23'),
(230, 26, 55, 1100, 1.20, 1320, '2021-10-16 17:00:00', '2022-02-21 03:44:23'),
(231, 11, 55, 1200, 0.30, 360, '2021-10-16 17:00:00', '2022-02-21 03:44:23'),
(232, 22, 55, 800, 0.60, 480, '2021-10-16 17:00:00', '2022-02-21 03:44:23'),
(233, 13, 56, 1500, 0.20, 300, '2021-10-16 17:00:00', '2022-02-21 03:44:23'),
(234, 25, 56, 700, 0.60, 420, '2021-10-16 17:00:00', '2022-02-21 03:44:23'),
(235, 26, 56, 1100, 0.60, 660, '2021-10-16 17:00:00', '2022-02-21 03:44:23'),
(236, 17, 56, 400, 0.40, 160, '2021-10-16 17:00:00', '2022-02-21 03:44:23'),
(237, 11, 56, 1200, 0.10, 120, '2021-10-16 17:00:00', '2022-02-21 03:44:23'),
(238, 13, 57, 1500, 0.90, 1350, '2021-10-16 17:00:00', '2022-02-21 03:44:23'),
(239, 17, 57, 400, 0.50, 200, '2021-10-16 17:00:00', '2022-02-21 03:44:23'),
(240, 22, 57, 800, 1.00, 800, '2021-10-16 17:00:00', '2022-02-21 03:44:23'),
(241, 2, 58, 8000, 0.04, 320, '2021-10-16 17:00:00', '2022-02-21 03:44:23'),
(242, 13, 58, 1500, 0.70, 1050, '2021-10-16 17:00:00', '2022-02-21 03:44:23'),
(243, 26, 58, 1100, 1.60, 1760, '2021-10-16 17:00:00', '2022-02-21 03:44:23'),
(244, 17, 58, 400, 0.20, 80, '2021-10-16 17:00:00', '2022-02-21 03:44:23'),
(245, 11, 58, 1200, 0.30, 360, '2021-10-16 17:00:00', '2022-02-21 03:44:23'),
(246, 2, 59, 8000, 0.01, 80, '2021-10-16 17:00:00', '2022-02-21 03:44:23'),
(247, 13, 59, 1500, 0.30, 450, '2021-10-16 17:00:00', '2022-02-21 03:44:23'),
(248, 15, 59, 1000, 0.70, 700, '2021-10-16 17:00:00', '2022-02-21 03:44:23'),
(249, 26, 59, 1100, 0.90, 990, '2021-10-16 17:00:00', '2022-02-21 03:44:23'),
(250, 11, 59, 1200, 0.40, 480, '2021-10-16 17:00:00', '2022-02-21 03:44:23'),
(251, 22, 59, 800, 0.30, 240, '2021-10-16 17:00:00', '2022-02-21 03:44:23'),
(252, 1, 60, 1500, 0.30, 450, '2021-10-16 17:00:00', '2022-02-21 03:44:23'),
(253, 13, 60, 1500, 0.20, 300, '2021-10-16 17:00:00', '2022-02-21 03:44:23'),
(254, 25, 60, 700, 0.30, 210, '2021-10-16 17:00:00', '2022-02-21 03:44:23'),
(255, 15, 60, 1000, 0.20, 200, '2021-10-16 17:00:00', '2022-02-21 03:44:23'),
(256, 22, 60, 800, 0.20, 160, '2021-10-16 17:00:00', '2022-02-21 03:44:23'),
(257, 25, 61, 700, 0.70, 490, '2021-10-16 17:00:00', '2022-02-21 03:44:23'),
(258, 15, 61, 1000, 0.40, 400, '2021-10-16 17:00:00', '2022-02-21 03:44:23'),
(259, 26, 61, 1100, 2.10, 2310, '2021-10-16 17:00:00', '2022-02-21 03:44:23'),
(260, 22, 61, 800, 0.30, 240, '2021-10-16 17:00:00', '2022-02-21 03:44:23'),
(261, 13, 62, 1500, 0.40, 600, '2021-10-16 17:00:00', '2022-02-21 03:44:23'),
(262, 24, 62, 1500, 1.40, 2100, '2021-10-16 17:00:00', '2022-02-21 03:44:23'),
(263, 25, 62, 700, 0.30, 210, '2021-10-16 17:00:00', '2022-02-21 03:44:23'),
(264, 26, 62, 1100, 0.70, 770, '2021-10-16 17:00:00', '2022-02-21 03:44:23'),
(265, 17, 62, 400, 0.10, 40, '2021-10-16 17:00:00', '2022-02-21 03:44:23'),
(266, 22, 62, 800, 0.10, 80, '2021-10-16 17:00:00', '2022-02-21 03:44:23'),
(267, 16, 63, 2500, 0.40, 1000, '2021-10-16 17:00:00', '2022-02-21 03:44:23'),
(268, 26, 63, 1100, 1.60, 1760, '2021-10-16 17:00:00', '2022-02-21 03:44:23'),
(269, 22, 63, 800, 0.80, 640, '2021-10-16 17:00:00', '2022-02-21 03:44:23'),
(270, 8, 64, 1000, 3.20, 3200, '2021-10-16 17:00:00', '2022-02-21 03:44:23'),
(271, 15, 64, 1000, 3.40, 3400, '2021-10-16 17:00:00', '2022-02-21 03:44:23'),
(272, 29, 64, 800, 1.30, 1040, '2021-10-16 17:00:00', '2022-02-21 03:44:23'),
(273, 22, 64, 800, 0.30, 240, '2021-10-16 17:00:00', '2022-02-21 03:44:23'),
(274, 12, 65, 2500, 0.40, 1000, '2021-10-16 17:00:00', '2022-02-21 03:44:23'),
(275, 21, 65, 25, 2.20, 55, '2021-10-16 17:00:00', '2022-02-21 03:44:23'),
(276, 12, 66, 2500, 1.20, 3000, '2021-10-16 17:00:00', '2022-02-21 03:44:23'),
(277, 13, 66, 1500, 0.70, 1050, '2021-10-16 17:00:00', '2022-02-21 03:44:23'),
(278, 25, 66, 700, 0.50, 350, '2021-10-16 17:00:00', '2022-02-21 03:44:23'),
(279, 15, 66, 1000, 0.50, 500, '2021-10-16 17:00:00', '2022-02-21 03:44:23'),
(280, 22, 66, 800, 0.20, 160, '2021-10-16 17:00:00', '2022-02-21 03:44:23'),
(281, 13, 67, 1500, 0.30, 450, '2021-10-16 17:00:00', '2022-02-21 03:44:23'),
(282, 21, 67, 25, 0.10, 3, '2021-10-16 17:00:00', '2022-02-21 03:44:23'),
(283, 15, 67, 1000, 0.10, 100, '2021-10-16 17:00:00', '2022-02-21 03:44:23'),
(284, 26, 67, 1100, 1.30, 1430, '2021-10-16 17:00:00', '2022-02-21 03:44:23'),
(285, 11, 67, 1200, 0.50, 600, '2021-10-16 17:00:00', '2022-02-21 03:44:23'),
(286, 22, 67, 800, 0.20, 160, '2021-10-16 17:00:00', '2022-02-21 03:44:23'),
(287, 13, 68, 1500, 0.20, 300, '2021-10-16 17:00:00', '2022-02-21 03:44:23'),
(288, 25, 68, 700, 0.30, 210, '2021-10-16 17:00:00', '2022-02-21 03:44:23'),
(289, 15, 68, 1000, 0.40, 400, '2021-10-16 17:00:00', '2022-02-21 03:44:23'),
(290, 7, 69, 2000, 1.20, 2400, '2021-10-16 17:00:00', '2022-02-21 03:44:23'),
(291, 26, 69, 1100, 1.00, 1100, '2021-10-16 17:00:00', '2022-02-21 03:44:23'),
(292, 22, 69, 800, 0.10, 80, '2021-10-16 17:00:00', '2022-02-21 03:44:23'),
(293, 25, 70, 700, 0.30, 210, '2021-10-16 17:00:00', '2022-02-21 03:44:23'),
(294, 15, 70, 1000, 0.20, 200, '2021-10-16 17:00:00', '2022-02-21 03:44:23'),
(295, 11, 70, 1200, 0.20, 240, '2021-10-16 17:00:00', '2022-02-21 03:44:23'),
(296, 25, 71, 700, 0.10, 70, '2021-10-16 17:00:00', '2022-02-21 03:44:23'),
(297, 17, 71, 400, 0.10, 40, '2021-10-16 17:00:00', '2022-02-21 03:44:23'),
(298, 9, 71, 1500, 1.10, 1650, '2021-10-16 17:00:00', '2022-02-21 03:44:23'),
(299, 7, 72, 2000, 1.20, 2400, '2021-10-16 17:00:00', '2022-02-21 03:44:23'),
(300, 25, 72, 700, 0.20, 140, '2021-10-16 17:00:00', '2022-02-21 03:44:23'),
(301, 26, 72, 1100, 0.20, 220, '2021-10-16 17:00:00', '2022-02-21 03:44:23'),
(302, 12, 73, 2500, 0.20, 500, '2021-10-16 17:00:00', '2022-02-21 03:44:23'),
(303, 15, 73, 1000, 0.30, 300, '2021-10-16 17:00:00', '2022-02-21 03:44:23'),
(304, 26, 73, 1100, 0.30, 330, '2021-10-16 17:00:00', '2022-02-21 03:44:23'),
(305, 15, 74, 1000, 0.20, 200, '2021-10-16 17:00:00', '2022-02-21 03:44:24'),
(306, 26, 74, 1100, 0.30, 330, '2021-10-16 17:00:00', '2022-02-21 03:44:24'),
(307, 22, 74, 800, 0.20, 160, '2021-10-16 17:00:00', '2022-02-21 03:44:24'),
(308, 9, 74, 1500, 2.10, 3150, '2021-10-16 17:00:00', '2022-02-21 03:44:24'),
(309, 13, 75, 1500, 1.10, 1650, '2021-10-16 17:00:00', '2022-02-21 03:44:24'),
(310, 25, 75, 700, 0.10, 70, '2021-10-16 17:00:00', '2022-02-21 03:44:24'),
(311, 7, 76, 2000, 3.30, 6600, '2021-10-16 17:00:00', '2022-02-21 03:44:24'),
(312, 12, 76, 2500, 0.50, 1250, '2021-10-16 17:00:00', '2022-02-21 03:44:24'),
(313, 15, 76, 1000, 0.10, 100, '2021-10-16 17:00:00', '2022-02-21 03:44:24'),
(314, 26, 76, 1100, 0.30, 330, '2021-10-16 17:00:00', '2022-02-21 03:44:24'),
(315, 22, 76, 800, 0.20, 160, '2021-10-16 17:00:00', '2022-02-21 03:44:24'),
(316, 15, 77, 1000, 0.40, 400, '2021-10-16 17:00:00', '2022-02-21 03:44:24'),
(317, 26, 77, 1100, 0.20, 220, '2021-10-16 17:00:00', '2022-02-21 03:44:24'),
(318, 22, 77, 800, 0.20, 160, '2021-10-16 17:00:00', '2022-02-21 03:44:24'),
(319, 9, 77, 1500, 0.90, 1350, '2021-10-16 17:00:00', '2022-02-21 03:44:24'),
(320, 15, 78, 1000, 0.20, 200, '2021-10-16 17:00:00', '2022-02-21 03:44:24'),
(321, 17, 78, 400, 0.10, 40, '2021-10-16 17:00:00', '2022-02-21 03:44:24'),
(322, 9, 78, 1500, 2.10, 3150, '2021-10-16 17:00:00', '2022-02-21 03:44:24'),
(323, 12, 79, 2500, 0.40, 1000, '2021-11-06 17:00:00', '2022-02-21 03:44:24'),
(324, 14, 79, 200, 0.10, 20, '2021-11-06 17:00:00', '2022-02-21 03:44:24'),
(325, 24, 79, 1500, 3.60, 5400, '2021-11-06 17:00:00', '2022-02-21 03:44:24'),
(326, 25, 79, 700, 1.70, 1190, '2021-11-06 17:00:00', '2022-02-21 03:44:24'),
(327, 15, 79, 1000, 0.90, 900, '2021-11-06 17:00:00', '2022-02-21 03:44:24'),
(328, 29, 79, 800, 0.10, 80, '2021-11-06 17:00:00', '2022-02-21 03:44:24'),
(329, 17, 79, 400, 0.10, 40, '2021-11-06 17:00:00', '2022-02-21 03:44:24'),
(330, 11, 79, 1200, 0.30, 360, '2021-11-06 17:00:00', '2022-02-21 03:44:24'),
(331, 22, 79, 800, 0.30, 240, '2021-11-06 17:00:00', '2022-02-21 03:44:24'),
(332, 7, 80, 2000, 17.00, 34000, '2021-11-06 17:00:00', '2022-02-21 03:44:24'),
(333, 12, 80, 2500, 0.50, 1250, '2021-11-06 17:00:00', '2022-02-21 03:44:24'),
(334, 14, 80, 200, 0.20, 40, '2021-11-06 17:00:00', '2022-02-21 03:44:24'),
(335, 24, 80, 1500, 3.00, 4500, '2021-11-06 17:00:00', '2022-02-21 03:44:24'),
(336, 25, 80, 700, 0.30, 210, '2021-11-06 17:00:00', '2022-02-21 03:44:24'),
(337, 15, 80, 1000, 0.90, 900, '2021-11-06 17:00:00', '2022-02-21 03:44:24'),
(338, 26, 80, 1100, 1.70, 1870, '2021-11-06 17:00:00', '2022-02-21 03:44:24'),
(339, 11, 80, 1200, 0.20, 240, '2021-11-06 17:00:00', '2022-02-21 03:44:24'),
(340, 22, 80, 800, 1.40, 1120, '2021-11-06 17:00:00', '2022-02-21 03:44:24'),
(341, 4, 81, 700, 1.00, 700, '2021-11-06 17:00:00', '2022-02-21 03:44:24'),
(342, 12, 81, 2500, 0.30, 750, '2021-11-06 17:00:00', '2022-02-21 03:44:24'),
(343, 25, 81, 700, 0.40, 280, '2021-11-06 17:00:00', '2022-02-21 03:44:24'),
(344, 26, 81, 1100, 2.80, 3080, '2021-11-06 17:00:00', '2022-02-21 03:44:24'),
(345, 22, 81, 800, 0.10, 80, '2021-11-06 17:00:00', '2022-02-21 03:44:24'),
(346, 12, 82, 2500, 0.40, 1000, '2021-11-06 17:00:00', '2022-02-21 03:44:24'),
(347, 15, 82, 1000, 0.20, 200, '2021-11-06 17:00:00', '2022-02-21 03:44:24'),
(348, 26, 82, 1100, 2.30, 2530, '2021-11-06 17:00:00', '2022-02-21 03:44:24'),
(349, 17, 82, 400, 0.20, 80, '2021-11-06 17:00:00', '2022-02-21 03:44:24'),
(350, 11, 82, 1200, 0.30, 360, '2021-11-06 17:00:00', '2022-02-21 03:44:24'),
(351, 12, 83, 2500, 0.50, 1250, '2021-11-06 17:00:00', '2022-02-21 03:44:24'),
(352, 14, 83, 200, 0.40, 80, '2021-11-06 17:00:00', '2022-02-21 03:44:24'),
(353, 26, 83, 1100, 2.80, 3080, '2021-11-06 17:00:00', '2022-02-21 03:44:24'),
(354, 22, 83, 800, 0.20, 160, '2021-11-06 17:00:00', '2022-02-21 03:44:24'),
(355, 25, 84, 700, 0.40, 280, '2021-11-06 17:00:00', '2022-02-21 03:44:24'),
(356, 15, 84, 1000, 0.30, 300, '2021-11-06 17:00:00', '2022-02-21 03:44:24'),
(357, 26, 84, 1100, 1.90, 2090, '2021-11-06 17:00:00', '2022-02-21 03:44:24'),
(358, 12, 85, 2500, 0.50, 1250, '2021-11-06 17:00:00', '2022-02-21 03:44:24'),
(359, 25, 85, 700, 0.20, 140, '2021-11-06 17:00:00', '2022-02-21 03:44:24'),
(360, 26, 85, 1100, 1.20, 1320, '2021-11-06 17:00:00', '2022-02-21 03:44:24'),
(361, 12, 86, 2500, 0.20, 500, '2021-11-06 17:00:00', '2022-02-21 03:44:24'),
(362, 24, 86, 1500, 0.30, 450, '2021-11-06 17:00:00', '2022-02-21 03:44:24'),
(363, 26, 86, 1100, 2.80, 3080, '2021-11-06 17:00:00', '2022-02-21 03:44:24'),
(364, 12, 87, 2500, 0.80, 2000, '2021-11-06 17:00:00', '2022-02-21 03:44:24'),
(365, 24, 87, 1500, 0.50, 750, '2021-11-06 17:00:00', '2022-02-21 03:44:24'),
(366, 25, 87, 700, 0.40, 280, '2021-11-06 17:00:00', '2022-02-21 03:44:24'),
(367, 26, 87, 1100, 1.40, 1540, '2021-11-06 17:00:00', '2022-02-21 03:44:24'),
(368, 12, 88, 2500, 0.90, 2250, '2021-11-06 17:00:00', '2022-02-21 03:44:24'),
(369, 15, 88, 1000, 0.40, 400, '2021-11-06 17:00:00', '2022-02-21 03:44:24'),
(370, 16, 88, 2500, 1.10, 2750, '2021-11-06 17:00:00', '2022-02-21 03:44:24'),
(371, 17, 88, 400, 0.10, 40, '2021-11-06 17:00:00', '2022-02-21 03:44:24'),
(372, 12, 89, 2500, 0.70, 1750, '2021-11-06 17:00:00', '2022-02-21 03:44:24'),
(373, 14, 89, 200, 0.10, 20, '2021-11-06 17:00:00', '2022-02-21 03:44:24'),
(374, 24, 89, 1500, 0.30, 450, '2021-11-06 17:00:00', '2022-02-21 03:44:24'),
(375, 15, 89, 1000, 1.40, 1400, '2021-11-06 17:00:00', '2022-02-21 03:44:24'),
(376, 26, 89, 1100, 1.80, 1980, '2021-11-06 17:00:00', '2022-02-21 03:44:24'),
(377, 11, 89, 1200, 0.50, 600, '2021-11-06 17:00:00', '2022-02-21 03:44:24'),
(378, 2, 90, 8000, 0.03, 240, '2021-11-06 17:00:00', '2022-02-21 03:44:24'),
(379, 12, 90, 2500, 0.60, 1500, '2021-11-06 17:00:00', '2022-02-21 03:44:24'),
(380, 24, 90, 1500, 0.20, 300, '2021-11-06 17:00:00', '2022-02-21 03:44:24'),
(381, 25, 90, 700, 2.10, 1470, '2021-11-06 17:00:00', '2022-02-21 03:44:24'),
(382, 15, 90, 1000, 1.80, 1800, '2021-11-06 17:00:00', '2022-02-21 03:44:24'),
(383, 16, 90, 2500, 0.10, 250, '2021-11-06 17:00:00', '2022-02-21 03:44:24'),
(384, 26, 90, 1100, 2.00, 2200, '2021-11-06 17:00:00', '2022-02-21 03:44:24'),
(385, 19, 90, 800, 0.20, 160, '2021-11-06 17:00:00', '2022-02-21 03:44:24'),
(386, 25, 91, 700, 0.40, 280, '2021-11-06 17:00:00', '2022-02-21 03:44:24'),
(387, 15, 91, 1000, 0.50, 500, '2021-11-06 17:00:00', '2022-02-21 03:44:24'),
(388, 16, 91, 2500, 0.40, 1000, '2021-11-06 17:00:00', '2022-02-21 03:44:24'),
(389, 14, 92, 200, 3.80, 760, '2021-11-06 17:00:00', '2022-02-21 03:44:25'),
(390, 25, 92, 700, 8.10, 5670, '2021-11-06 17:00:00', '2022-02-21 03:44:25'),
(391, 15, 92, 1000, 3.60, 3600, '2021-11-06 17:00:00', '2022-02-21 03:44:25'),
(392, 26, 92, 1100, 3.90, 4290, '2021-11-06 17:00:00', '2022-02-21 03:44:25'),
(393, 11, 92, 1200, 3.90, 4680, '2021-11-06 17:00:00', '2022-02-21 03:44:25'),
(394, 7, 93, 2000, 0.50, 1000, '2021-11-06 17:00:00', '2022-02-21 03:44:25'),
(395, 13, 93, 1500, 0.20, 300, '2021-11-06 17:00:00', '2022-02-21 03:44:25'),
(396, 14, 93, 200, 0.20, 40, '2021-11-06 17:00:00', '2022-02-21 03:44:25'),
(397, 11, 93, 1200, 0.20, 240, '2021-11-06 17:00:00', '2022-02-21 03:44:25'),
(398, 2, 94, 8000, 0.02, 160, '2021-11-06 17:00:00', '2022-02-21 03:44:25'),
(399, 7, 94, 2000, 2.90, 5800, '2021-11-06 17:00:00', '2022-02-21 03:44:25'),
(400, 13, 94, 1500, 0.80, 1200, '2021-11-06 17:00:00', '2022-02-21 03:44:25'),
(401, 24, 94, 1500, 4.30, 6450, '2021-11-06 17:00:00', '2022-02-21 03:44:25'),
(402, 25, 94, 700, 1.00, 700, '2021-11-06 17:00:00', '2022-02-21 03:44:25'),
(403, 15, 94, 1000, 8.40, 8400, '2021-11-06 17:00:00', '2022-02-21 03:44:25'),
(404, 16, 94, 2500, 0.50, 1250, '2021-11-06 17:00:00', '2022-02-21 03:44:25'),
(405, 26, 94, 1100, 3.60, 3960, '2021-11-06 17:00:00', '2022-02-21 03:44:25'),
(406, 11, 94, 1200, 0.30, 360, '2021-11-06 17:00:00', '2022-02-21 03:44:25'),
(407, 2, 95, 8000, 0.01, 80, '2021-11-06 17:00:00', '2022-02-21 03:44:25'),
(408, 13, 95, 1500, 0.40, 600, '2021-11-06 17:00:00', '2022-02-21 03:44:25'),
(409, 25, 95, 700, 1.00, 700, '2021-11-06 17:00:00', '2022-02-21 03:44:25'),
(410, 15, 95, 1000, 0.50, 500, '2021-11-06 17:00:00', '2022-02-21 03:44:25'),
(411, 26, 95, 1100, 2.20, 2420, '2021-11-06 17:00:00', '2022-02-21 03:44:25'),
(412, 17, 95, 400, 1.50, 600, '2021-11-06 17:00:00', '2022-02-21 03:44:25'),
(413, 11, 95, 1200, 0.50, 600, '2021-11-06 17:00:00', '2022-02-21 03:44:25'),
(414, 2, 96, 8000, 0.01, 80, '2021-11-06 17:00:00', '2022-02-21 03:44:25'),
(415, 7, 96, 2000, 0.80, 1600, '2021-11-06 17:00:00', '2022-02-21 03:44:25'),
(416, 21, 96, 25, 0.20, 5, '2021-11-06 17:00:00', '2022-02-21 03:44:25'),
(417, 25, 96, 700, 0.40, 280, '2021-11-06 17:00:00', '2022-02-21 03:44:25'),
(418, 15, 96, 1000, 0.40, 400, '2021-11-06 17:00:00', '2022-02-21 03:44:25'),
(419, 17, 96, 400, 0.40, 160, '2021-11-06 17:00:00', '2022-02-21 03:44:25'),
(420, 1, 97, 1500, 0.30, 450, '2021-11-06 17:00:00', '2022-02-21 03:44:25'),
(421, 12, 97, 2500, 0.30, 750, '2021-11-06 17:00:00', '2022-02-21 03:44:25'),
(422, 13, 97, 1500, 0.10, 150, '2021-11-06 17:00:00', '2022-02-21 03:44:25'),
(423, 15, 97, 1000, 2.40, 2400, '2021-11-06 17:00:00', '2022-02-21 03:44:25'),
(424, 22, 97, 800, 0.10, 80, '2021-11-06 17:00:00', '2022-02-21 03:44:25'),
(425, 2, 98, 8000, 0.03, 240, '2021-11-06 17:00:00', '2022-02-21 03:44:25'),
(426, 12, 98, 2500, 2.40, 6000, '2021-11-06 17:00:00', '2022-02-21 03:44:25'),
(427, 15, 98, 1000, 1.00, 1000, '2021-11-06 17:00:00', '2022-02-21 03:44:25'),
(428, 26, 98, 1100, 22.10, 24310, '2021-11-06 17:00:00', '2022-02-21 03:44:25'),
(429, 13, 99, 1500, 0.50, 750, '2021-11-06 17:00:00', '2022-02-21 03:44:25'),
(430, 15, 99, 1000, 1.30, 1300, '2021-11-06 17:00:00', '2022-02-21 03:44:25'),
(431, 16, 99, 2500, 0.50, 1250, '2021-11-06 17:00:00', '2022-02-21 03:44:25'),
(432, 26, 99, 1100, 10.10, 11110, '2021-11-06 17:00:00', '2022-02-21 03:44:25'),
(433, 2, 100, 8000, 0.01, 80, '2021-11-06 17:00:00', '2022-02-21 03:44:25'),
(434, 13, 100, 1500, 1.90, 2850, '2021-11-06 17:00:00', '2022-02-21 03:44:25'),
(435, 15, 100, 1000, 0.70, 700, '2021-11-06 17:00:00', '2022-02-21 03:44:25'),
(436, 11, 100, 1200, 0.40, 480, '2021-11-06 17:00:00', '2022-02-21 03:44:25'),
(437, 22, 100, 800, 0.30, 240, '2021-11-06 17:00:00', '2022-02-21 03:44:25'),
(438, 13, 101, 1500, 0.30, 450, '2021-11-06 17:00:00', '2022-02-21 03:44:25'),
(439, 14, 101, 200, 0.30, 60, '2021-11-06 17:00:00', '2022-02-21 03:44:25'),
(440, 15, 101, 1000, 1.20, 1200, '2021-11-06 17:00:00', '2022-02-21 03:44:25'),
(441, 11, 101, 1200, 0.50, 600, '2021-11-06 17:00:00', '2022-02-21 03:44:25'),
(442, 13, 102, 1500, 2.10, 3150, '2021-11-06 17:00:00', '2022-02-21 03:44:25'),
(443, 26, 103, 1100, 40.00, 44000, '2021-11-06 17:00:00', '2022-02-21 03:44:25'),
(444, 17, 104, 400, 0.60, 240, '2021-11-06 17:00:00', '2022-02-21 03:44:25'),
(445, 13, 105, 1500, 0.30, 450, '2021-11-06 17:00:00', '2022-02-21 03:44:25'),
(446, 25, 105, 700, 0.20, 140, '2021-11-06 17:00:00', '2022-02-21 03:44:25'),
(447, 15, 105, 1000, 0.40, 400, '2021-11-06 17:00:00', '2022-02-21 03:44:25'),
(448, 26, 105, 1100, 1.20, 1320, '2021-11-06 17:00:00', '2022-02-21 03:44:25'),
(449, 22, 105, 800, 0.10, 80, '2021-11-06 17:00:00', '2022-02-21 03:44:25'),
(450, 2, 106, 8000, 0.03, 240, '2021-12-04 17:00:00', '2022-02-21 03:44:25'),
(451, 12, 106, 2500, 0.40, 1000, '2021-12-04 17:00:00', '2022-02-21 03:44:25'),
(452, 14, 106, 200, 0.10, 20, '2021-12-04 17:00:00', '2022-02-21 03:44:25'),
(453, 25, 106, 700, 2.30, 1610, '2021-12-04 17:00:00', '2022-02-21 03:44:25'),
(454, 15, 106, 1000, 0.60, 600, '2021-12-04 17:00:00', '2022-02-21 03:44:25'),
(455, 26, 106, 1100, 1.00, 1100, '2021-12-04 17:00:00', '2022-02-21 03:44:25'),
(456, 17, 106, 400, 0.10, 40, '2021-12-04 17:00:00', '2022-02-21 03:44:25'),
(457, 11, 106, 1200, 0.30, 360, '2021-12-04 17:00:00', '2022-02-21 03:44:25'),
(458, 22, 106, 800, 0.30, 240, '2021-12-04 17:00:00', '2022-02-21 03:44:25'),
(459, 12, 107, 2500, 0.50, 1250, '2021-12-04 17:00:00', '2022-02-21 03:44:25'),
(460, 14, 107, 200, 0.40, 80, '2021-12-04 17:00:00', '2022-02-21 03:44:25'),
(461, 24, 107, 1500, 0.90, 1350, '2021-12-04 17:00:00', '2022-02-21 03:44:25'),
(462, 15, 107, 1000, 0.50, 500, '2021-12-04 17:00:00', '2022-02-21 03:44:25'),
(463, 26, 107, 1100, 2.40, 2640, '2021-12-04 17:00:00', '2022-02-21 03:44:25'),
(464, 17, 107, 400, 0.20, 80, '2021-12-04 17:00:00', '2022-02-21 03:44:25'),
(465, 11, 107, 1200, 0.40, 480, '2021-12-04 17:00:00', '2022-02-21 03:44:25'),
(466, 22, 107, 800, 1.40, 1120, '2021-12-04 17:00:00', '2022-02-21 03:44:25'),
(467, 13, 108, 1500, 0.30, 450, '2021-12-04 17:00:00', '2022-02-21 03:44:25'),
(468, 25, 108, 700, 1.60, 1120, '2021-12-04 17:00:00', '2022-02-21 03:44:25'),
(469, 15, 108, 1000, 1.40, 1400, '2021-12-04 17:00:00', '2022-02-21 03:44:25'),
(470, 26, 108, 1100, 0.70, 770, '2021-12-04 17:00:00', '2022-02-21 03:44:25'),
(471, 17, 108, 400, 0.90, 360, '2021-12-04 17:00:00', '2022-02-21 03:44:25'),
(472, 35, 108, 1000, 3.40, 3400, '2021-12-04 17:00:00', '2022-02-21 03:44:25'),
(473, 32, 108, 200, 2.20, 440, '2021-12-04 17:00:00', '2022-02-21 03:44:25'),
(474, 13, 109, 1500, 1.40, 2100, '2021-12-04 17:00:00', '2022-02-21 03:44:25'),
(475, 16, 109, 2500, 8.50, 21250, '2021-12-04 17:00:00', '2022-02-21 03:44:25'),
(476, 26, 109, 1100, 2.60, 2860, '2021-12-04 17:00:00', '2022-02-21 03:44:25'),
(477, 2, 110, 8000, 0.20, 1600, '2021-12-04 17:00:00', '2022-02-21 03:44:25'),
(478, 12, 110, 2500, 2.00, 5000, '2021-12-04 17:00:00', '2022-02-21 03:44:25'),
(479, 25, 110, 700, 3.10, 2170, '2021-12-04 17:00:00', '2022-02-21 03:44:25'),
(480, 15, 110, 1000, 1.90, 1900, '2021-12-04 17:00:00', '2022-02-21 03:44:25'),
(481, 26, 110, 1100, 3.50, 3850, '2021-12-04 17:00:00', '2022-02-21 03:44:25'),
(482, 17, 110, 400, 0.40, 160, '2021-12-04 17:00:00', '2022-02-21 03:44:25'),
(483, 11, 110, 1200, 1.80, 2160, '2021-12-04 17:00:00', '2022-02-21 03:44:25'),
(484, 22, 110, 800, 0.80, 640, '2021-12-04 17:00:00', '2022-02-21 03:44:25'),
(485, 2, 111, 8000, 0.01, 80, '2021-12-04 17:00:00', '2022-02-21 03:44:26'),
(486, 13, 111, 1500, 0.50, 750, '2021-12-04 17:00:00', '2022-02-21 03:44:26'),
(487, 14, 111, 200, 0.10, 20, '2021-12-04 17:00:00', '2022-02-21 03:44:26'),
(488, 25, 111, 700, 0.10, 70, '2021-12-04 17:00:00', '2022-02-21 03:44:26'),
(489, 15, 111, 1000, 0.60, 600, '2021-12-04 17:00:00', '2022-02-21 03:44:26'),
(490, 26, 111, 1100, 1.60, 1760, '2021-12-04 17:00:00', '2022-02-21 03:44:26'),
(491, 17, 111, 400, 0.20, 80, '2021-12-04 17:00:00', '2022-02-21 03:44:26'),
(492, 11, 111, 1200, 1.40, 1680, '2021-12-04 17:00:00', '2022-02-21 03:44:26'),
(493, 9, 111, 1500, 0.10, 150, '2021-12-04 17:00:00', '2022-02-21 03:44:26'),
(494, 2, 112, 8000, 0.10, 800, '2021-12-04 17:00:00', '2022-02-21 03:44:26'),
(495, 13, 112, 1500, 1.10, 1650, '2021-12-04 17:00:00', '2022-02-21 03:44:26'),
(496, 25, 112, 700, 0.60, 420, '2021-12-04 17:00:00', '2022-02-21 03:44:26'),
(497, 15, 112, 1000, 2.10, 2100, '2021-12-04 17:00:00', '2022-02-21 03:44:26'),
(498, 16, 112, 2500, 0.20, 500, '2021-12-04 17:00:00', '2022-02-21 03:44:26'),
(499, 35, 112, 1000, 1.40, 1400, '2021-12-04 17:00:00', '2022-02-21 03:44:26'),
(500, 11, 112, 1200, 0.20, 240, '2021-12-04 17:00:00', '2022-02-21 03:44:26'),
(501, 22, 112, 800, 0.60, 480, '2021-12-04 17:00:00', '2022-02-21 03:44:26'),
(502, 14, 112, 200, 1.00, 200, '2021-12-04 17:00:00', '2022-02-21 03:44:26'),
(503, 12, 113, 2500, 2.00, 5000, '2021-12-04 17:00:00', '2022-02-21 03:44:26'),
(504, 13, 113, 1500, 0.90, 1350, '2021-12-04 17:00:00', '2022-02-21 03:44:26'),
(505, 26, 113, 1100, 4.80, 5280, '2021-12-04 17:00:00', '2022-02-21 03:44:26'),
(506, 8, 114, 1000, 0.60, 600, '2021-12-04 17:00:00', '2022-02-21 03:44:26'),
(507, 13, 114, 1500, 0.50, 750, '2021-12-04 17:00:00', '2022-02-21 03:44:26'),
(508, 25, 114, 700, 0.60, 420, '2021-12-04 17:00:00', '2022-02-21 03:44:26'),
(509, 15, 114, 1000, 1.90, 1900, '2021-12-04 17:00:00', '2022-02-21 03:44:26'),
(510, 17, 114, 400, 0.20, 80, '2021-12-04 17:00:00', '2022-02-21 03:44:26'),
(511, 11, 114, 1200, 0.80, 960, '2021-12-04 17:00:00', '2022-02-21 03:44:26'),
(512, 22, 114, 800, 0.50, 400, '2021-12-04 17:00:00', '2022-02-21 03:44:26'),
(513, 12, 115, 2500, 1.60, 4000, '2021-12-04 17:00:00', '2022-02-21 03:44:26'),
(514, 25, 115, 700, 2.00, 1400, '2021-12-04 17:00:00', '2022-02-21 03:44:26'),
(515, 15, 115, 1000, 2.70, 2700, '2021-12-04 17:00:00', '2022-02-21 03:44:26'),
(516, 26, 115, 1100, 1.10, 1210, '2021-12-04 17:00:00', '2022-02-21 03:44:26'),
(517, 2, 116, 8000, 0.20, 1600, '2021-12-04 17:00:00', '2022-02-21 03:44:26'),
(518, 13, 116, 1500, 1.00, 1500, '2021-12-04 17:00:00', '2022-02-21 03:44:26'),
(519, 16, 116, 2500, 1.20, 3000, '2021-12-04 17:00:00', '2022-02-21 03:44:26'),
(520, 17, 116, 400, 0.20, 80, '2021-12-04 17:00:00', '2022-02-21 03:44:26'),
(521, 22, 116, 800, 0.20, 160, '2021-12-04 17:00:00', '2022-02-21 03:44:26'),
(522, 13, 117, 1500, 2.70, 4050, '2021-12-04 17:00:00', '2022-02-21 03:44:26'),
(523, 25, 117, 700, 0.40, 280, '2021-12-04 17:00:00', '2022-02-21 03:44:26'),
(524, 15, 117, 1000, 0.80, 800, '2021-12-04 17:00:00', '2022-02-21 03:44:26'),
(525, 26, 117, 1100, 2.10, 2310, '2021-12-04 17:00:00', '2022-02-21 03:44:26'),
(526, 11, 117, 1200, 0.30, 360, '2021-12-04 17:00:00', '2022-02-21 03:44:26'),
(527, 22, 117, 800, 0.30, 240, '2021-12-04 17:00:00', '2022-02-21 03:44:26'),
(528, 2, 118, 8000, 0.01, 80, '2021-12-04 17:00:00', '2022-02-21 03:44:26'),
(529, 6, 118, 9000, 0.20, 1800, '2021-12-04 17:00:00', '2022-02-21 03:44:26'),
(530, 15, 118, 1000, 1.20, 1200, '2021-12-04 17:00:00', '2022-02-21 03:44:26'),
(531, 26, 118, 1100, 3.20, 3520, '2021-12-04 17:00:00', '2022-02-21 03:44:26'),
(532, 11, 118, 1200, 0.10, 120, '2021-12-04 17:00:00', '2022-02-21 03:44:26'),
(533, 2, 119, 8000, 0.01, 80, '2021-12-04 17:00:00', '2022-02-21 03:44:26'),
(534, 13, 119, 1500, 2.30, 3450, '2021-12-04 17:00:00', '2022-02-21 03:44:26'),
(535, 14, 119, 200, 0.40, 80, '2021-12-04 17:00:00', '2022-02-21 03:44:26'),
(536, 21, 119, 25, 0.40, 10, '2021-12-04 17:00:00', '2022-02-21 03:44:26'),
(537, 15, 119, 1000, 0.50, 500, '2021-12-04 17:00:00', '2022-02-21 03:44:26'),
(538, 25, 120, 700, 0.30, 210, '2021-12-04 17:00:00', '2022-02-21 03:44:26'),
(539, 15, 120, 1000, 1.20, 1200, '2021-12-04 17:00:00', '2022-02-21 03:44:26'),
(540, 26, 120, 1100, 1.10, 1210, '2021-12-04 17:00:00', '2022-02-21 03:44:26'),
(541, 2, 121, 8000, 0.30, 2400, '2021-12-04 17:00:00', '2022-02-21 03:44:26'),
(542, 12, 121, 2500, 0.70, 1750, '2021-12-04 17:00:00', '2022-02-21 03:44:26'),
(543, 15, 121, 1000, 1.30, 1300, '2021-12-04 17:00:00', '2022-02-21 03:44:26'),
(544, 26, 121, 1100, 8.50, 9350, '2021-12-04 17:00:00', '2022-02-21 03:44:26'),
(545, 11, 121, 1200, 0.10, 120, '2021-12-04 17:00:00', '2022-02-21 03:44:26'),
(546, 13, 122, 1500, 2.00, 3000, '2021-12-04 17:00:00', '2022-02-21 03:44:26'),
(547, 14, 122, 200, 4.40, 880, '2021-12-04 17:00:00', '2022-02-21 03:44:26'),
(548, 26, 122, 1100, 7.90, 8690, '2021-12-04 17:00:00', '2022-02-21 03:44:26'),
(549, 13, 123, 1500, 0.60, 900, '2021-12-04 17:00:00', '2022-02-21 03:44:26'),
(550, 25, 123, 700, 0.30, 210, '2021-12-04 17:00:00', '2022-02-21 03:44:26'),
(551, 15, 123, 1000, 0.20, 200, '2021-12-04 17:00:00', '2022-02-21 03:44:26'),
(552, 12, 124, 2500, 1.30, 3250, '2021-12-04 17:00:00', '2022-02-21 03:44:26'),
(553, 15, 124, 1000, 0.30, 300, '2021-12-04 17:00:00', '2022-02-21 03:44:26'),
(554, 22, 124, 800, 0.60, 480, '2021-12-04 17:00:00', '2022-02-21 03:44:26'),
(555, 12, 125, 2500, 0.80, 2000, '2021-12-04 17:00:00', '2022-02-21 03:44:26'),
(556, 21, 125, 25, 0.10, 3, '2021-12-04 17:00:00', '2022-02-21 03:44:26'),
(557, 15, 125, 1000, 0.60, 600, '2021-12-04 17:00:00', '2022-02-21 03:44:26'),
(558, 11, 125, 1200, 0.10, 120, '2021-12-04 17:00:00', '2022-02-21 03:44:26'),
(559, 8, 126, 1000, 0.60, 600, '2021-12-04 17:00:00', '2022-02-21 03:44:26'),
(560, 15, 126, 1000, 0.50, 500, '2021-12-04 17:00:00', '2022-02-21 03:44:26'),
(561, 17, 126, 400, 0.10, 40, '2021-12-04 17:00:00', '2022-02-21 03:44:26'),
(562, 32, 126, 200, 1.30, 260, '2021-12-04 17:00:00', '2022-02-21 03:44:26'),
(563, 2, 127, 8000, 0.02, 160, '2021-12-04 17:00:00', '2022-02-21 03:44:26'),
(564, 7, 127, 2000, 0.10, 200, '2021-12-04 17:00:00', '2022-02-21 03:44:26'),
(565, 15, 127, 1000, 0.40, 400, '2021-12-04 17:00:00', '2022-02-21 03:44:26'),
(566, 26, 127, 1100, 0.70, 770, '2021-12-04 17:00:00', '2022-02-21 03:44:26'),
(567, 11, 127, 1200, 0.20, 240, '2021-12-04 17:00:00', '2022-02-21 03:44:26'),
(568, 12, 128, 2500, 0.70, 1750, '2021-12-04 17:00:00', '2022-02-21 03:44:26'),
(569, 14, 128, 200, 0.40, 80, '2021-12-04 17:00:00', '2022-02-21 03:44:26'),
(570, 26, 128, 1100, 1.40, 1540, '2021-12-04 17:00:00', '2022-02-21 03:44:26'),
(571, 19, 128, 800, 0.30, 240, '2021-12-04 17:00:00', '2022-02-21 03:44:26'),
(572, 22, 128, 800, 0.10, 80, '2021-12-04 17:00:00', '2022-02-21 03:44:26'),
(573, 25, 129, 700, 0.60, 420, '2021-12-04 17:00:00', '2022-02-21 03:44:26'),
(574, 15, 129, 1000, 1.40, 1400, '2021-12-04 17:00:00', '2022-02-21 03:44:26'),
(575, 26, 129, 1100, 2.70, 2970, '2021-12-04 17:00:00', '2022-02-21 03:44:26'),
(576, 12, 130, 2500, 1.60, 4000, '2021-12-04 17:00:00', '2022-02-21 03:44:27'),
(577, 14, 130, 200, 0.70, 140, '2021-12-04 17:00:00', '2022-02-21 03:44:27'),
(578, 26, 130, 1100, 1.80, 1980, '2021-12-04 17:00:00', '2022-02-21 03:44:27'),
(579, 12, 131, 2500, 0.80, 2000, '2021-12-04 17:00:00', '2022-02-21 03:44:27'),
(580, 25, 131, 700, 0.20, 140, '2021-12-04 17:00:00', '2022-02-21 03:44:27'),
(581, 19, 131, 800, 0.20, 160, '2021-12-04 17:00:00', '2022-02-21 03:44:27'),
(582, 22, 131, 800, 0.20, 160, '2021-12-04 17:00:00', '2022-02-21 03:44:27'),
(583, 2, 132, 8000, 0.20, 1600, '2021-12-04 17:00:00', '2022-02-21 03:44:27'),
(584, 12, 132, 2500, 1.10, 2750, '2021-12-04 17:00:00', '2022-02-21 03:44:27'),
(585, 25, 132, 700, 0.30, 210, '2021-12-04 17:00:00', '2022-02-21 03:44:27'),
(586, 11, 132, 1200, 0.40, 480, '2021-12-04 17:00:00', '2022-02-21 03:44:27'),
(587, 2, 133, 8000, 0.30, 2400, '2021-12-04 17:00:00', '2022-02-21 03:44:27'),
(588, 12, 133, 2500, 1.20, 3000, '2021-12-04 17:00:00', '2022-02-21 03:44:27'),
(589, 25, 133, 700, 0.40, 280, '2021-12-04 17:00:00', '2022-02-21 03:44:27'),
(590, 15, 133, 1000, 0.30, 300, '2021-12-04 17:00:00', '2022-02-21 03:44:27'),
(591, 26, 133, 1100, 0.60, 660, '2021-12-04 17:00:00', '2022-02-21 03:44:27'),
(592, 25, 134, 700, 0.20, 140, '2021-12-04 17:00:00', '2022-02-21 03:44:27'),
(593, 15, 134, 1000, 0.80, 800, '2021-12-04 17:00:00', '2022-02-21 03:44:27'),
(594, 26, 134, 1100, 0.30, 330, '2021-12-04 17:00:00', '2022-02-21 03:44:27'),
(595, 17, 134, 400, 0.90, 360, '2021-12-04 17:00:00', '2022-02-21 03:44:27'),
(596, 12, 135, 2500, 0.40, 1000, '2021-12-18 17:00:00', '2022-02-21 03:44:27'),
(597, 14, 135, 200, 0.20, 40, '2021-12-18 17:00:00', '2022-02-21 03:44:27'),
(598, 25, 135, 700, 1.50, 1050, '2021-12-18 17:00:00', '2022-02-21 03:44:27'),
(599, 15, 135, 1000, 0.70, 700, '2021-12-18 17:00:00', '2022-02-21 03:44:27'),
(600, 26, 135, 1100, 1.00, 1100, '2021-12-18 17:00:00', '2022-02-21 03:44:27'),
(601, 22, 135, 800, 0.30, 240, '2021-12-18 17:00:00', '2022-02-21 03:44:27'),
(602, 12, 136, 2500, 0.20, 500, '2021-12-18 17:00:00', '2022-02-21 03:44:27'),
(603, 25, 136, 700, 0.30, 210, '2021-12-18 17:00:00', '2022-02-21 03:44:27'),
(604, 15, 136, 1000, 0.90, 900, '2021-12-18 17:00:00', '2022-02-21 03:44:27'),
(605, 26, 136, 1100, 0.70, 770, '2021-12-18 17:00:00', '2022-02-21 03:44:27'),
(606, 11, 136, 1200, 0.30, 360, '2021-12-18 17:00:00', '2022-02-21 03:44:27'),
(607, 22, 136, 800, 0.60, 480, '2021-12-18 17:00:00', '2022-02-21 03:44:27'),
(608, 13, 137, 1500, 0.30, 450, '2021-12-18 17:00:00', '2022-02-21 03:44:27'),
(609, 14, 137, 200, 0.30, 60, '2021-12-18 17:00:00', '2022-02-21 03:44:27'),
(610, 25, 137, 700, 0.50, 350, '2021-12-18 17:00:00', '2022-02-21 03:44:27'),
(611, 15, 137, 1000, 0.20, 200, '2021-12-18 17:00:00', '2022-02-21 03:44:27'),
(612, 26, 137, 1100, 0.30, 330, '2021-12-18 17:00:00', '2022-02-21 03:44:27'),
(613, 17, 137, 400, 0.60, 240, '2021-12-18 17:00:00', '2022-02-21 03:44:27'),
(614, 6, 138, 9000, 2.60, 23400, '2021-12-18 17:00:00', '2022-02-21 03:44:27'),
(615, 13, 138, 1500, 2.00, 3000, '2021-12-18 17:00:00', '2022-02-21 03:44:27'),
(616, 14, 138, 200, 0.60, 120, '2021-12-18 17:00:00', '2022-02-21 03:44:27'),
(617, 15, 138, 1000, 2.70, 2700, '2021-12-18 17:00:00', '2022-02-21 03:44:27'),
(618, 13, 139, 1500, 0.20, 300, '2021-12-18 17:00:00', '2022-02-21 03:44:27'),
(619, 25, 139, 700, 0.30, 210, '2021-12-18 17:00:00', '2022-02-21 03:44:27'),
(620, 15, 139, 1000, 0.20, 200, '2021-12-18 17:00:00', '2022-02-21 03:44:27'),
(621, 27, 139, 2000, 0.10, 200, '2021-12-18 17:00:00', '2022-02-21 03:44:27'),
(622, 2, 140, 8000, 0.03, 240, '2021-12-18 17:00:00', '2022-02-21 03:44:27'),
(623, 30, 140, 800, 1.00, 800, '2021-12-18 17:00:00', '2022-02-21 03:44:27'),
(624, 14, 140, 200, 0.50, 100, '2021-12-18 17:00:00', '2022-02-21 03:44:27'),
(625, 21, 140, 25, 0.80, 20, '2021-12-18 17:00:00', '2022-02-21 03:44:27'),
(626, 26, 140, 1100, 3.90, 4290, '2021-12-18 17:00:00', '2022-02-21 03:44:27'),
(627, 22, 140, 800, 0.30, 240, '2021-12-18 17:00:00', '2022-02-21 03:44:27'),
(628, 2, 141, 8000, 0.01, 80, '2021-12-18 17:00:00', '2022-02-21 03:44:27'),
(629, 8, 141, 1000, 0.50, 500, '2021-12-18 17:00:00', '2022-02-21 03:44:27'),
(630, 31, 141, 200, 5.00, 1000, '2021-12-18 17:00:00', '2022-02-21 03:44:27'),
(631, 14, 141, 200, 2.20, 440, '2021-12-18 17:00:00', '2022-02-21 03:44:27'),
(632, 21, 141, 25, 0.50, 13, '2021-12-18 17:00:00', '2022-02-21 03:44:27'),
(633, 24, 141, 1500, 2.50, 3750, '2021-12-18 17:00:00', '2022-02-21 03:44:27'),
(634, 25, 141, 700, 0.40, 280, '2021-12-18 17:00:00', '2022-02-21 03:44:27'),
(635, 15, 141, 1000, 0.70, 700, '2021-12-18 17:00:00', '2022-02-21 03:44:27'),
(636, 16, 141, 2500, 0.20, 500, '2021-12-18 17:00:00', '2022-02-21 03:44:27'),
(637, 17, 141, 400, 0.80, 320, '2021-12-18 17:00:00', '2022-02-21 03:44:27'),
(638, 22, 141, 800, 2.60, 2080, '2021-12-18 17:00:00', '2022-02-21 03:44:27'),
(639, 10, 141, 700, 0.20, 140, '2021-12-18 17:00:00', '2022-02-21 03:44:27'),
(640, 4, 142, 700, 2.00, 1400, '2021-12-18 17:00:00', '2022-02-21 03:44:27'),
(641, 13, 142, 1500, 0.60, 900, '2021-12-18 17:00:00', '2022-02-21 03:44:27'),
(642, 15, 142, 1000, 0.90, 900, '2021-12-18 17:00:00', '2022-02-21 03:44:27'),
(643, 26, 142, 1100, 0.50, 550, '2021-12-18 17:00:00', '2022-02-21 03:44:27'),
(644, 35, 142, 1000, 0.70, 700, '2021-12-18 17:00:00', '2022-02-21 03:44:27'),
(645, 14, 143, 200, 0.40, 80, '2021-12-18 17:00:00', '2022-02-21 03:44:27'),
(646, 25, 143, 700, 1.20, 840, '2021-12-18 17:00:00', '2022-02-21 03:44:27'),
(647, 15, 143, 1000, 0.80, 800, '2021-12-18 17:00:00', '2022-02-21 03:44:27'),
(648, 26, 143, 1100, 1.20, 1320, '2021-12-18 17:00:00', '2022-02-21 03:44:27'),
(649, 17, 143, 400, 0.10, 40, '2021-12-18 17:00:00', '2022-02-21 03:44:27'),
(650, 11, 143, 1200, 0.10, 120, '2021-12-18 17:00:00', '2022-02-21 03:44:27'),
(651, 6, 144, 9000, 3.40, 30600, '2021-12-18 17:00:00', '2022-02-21 03:44:27'),
(652, 7, 144, 2000, 6.80, 13600, '2021-12-18 17:00:00', '2022-02-21 03:44:27'),
(653, 8, 144, 1000, 1.20, 1200, '2021-12-18 17:00:00', '2022-02-21 03:44:27'),
(654, 14, 144, 200, 0.70, 140, '2021-12-18 17:00:00', '2022-02-21 03:44:27'),
(655, 15, 144, 1000, 6.60, 6600, '2021-12-18 17:00:00', '2022-02-21 03:44:27'),
(656, 16, 144, 2500, 2.70, 6750, '2021-12-18 17:00:00', '2022-02-21 03:44:27'),
(657, 26, 144, 1100, 5.60, 6160, '2021-12-18 17:00:00', '2022-02-21 03:44:27'),
(658, 17, 144, 400, 1.10, 440, '2021-12-18 17:00:00', '2022-02-21 03:44:27'),
(659, 10, 144, 700, 2.40, 1680, '2021-12-18 17:00:00', '2022-02-21 03:44:27'),
(660, 13, 145, 1500, 0.50, 750, '2021-12-18 17:00:00', '2022-02-21 03:44:27'),
(661, 14, 145, 200, 0.10, 20, '2021-12-18 17:00:00', '2022-02-21 03:44:27'),
(662, 25, 145, 700, 0.60, 420, '2021-12-18 17:00:00', '2022-02-21 03:44:27'),
(663, 15, 145, 1000, 0.30, 300, '2021-12-18 17:00:00', '2022-02-21 03:44:27'),
(664, 22, 145, 800, 0.10, 80, '2021-12-18 17:00:00', '2022-02-21 03:44:27');
INSERT INTO `sampahs` (`id`, `id_jenis`, `id_transaksi`, `harga`, `jumlah`, `total`, `created_at`, `updated_at`) VALUES
(665, 9, 145, 1500, 0.10, 150, '2021-12-18 17:00:00', '2022-02-21 03:44:27'),
(666, 13, 146, 1500, 0.90, 1350, '2021-12-18 17:00:00', '2022-02-21 03:44:27'),
(667, 15, 146, 1000, 0.30, 300, '2021-12-18 17:00:00', '2022-02-21 03:44:27'),
(668, 11, 146, 1200, 0.20, 240, '2021-12-18 17:00:00', '2022-02-21 03:44:27'),
(669, 22, 146, 800, 0.20, 160, '2021-12-18 17:00:00', '2022-02-21 03:44:27'),
(670, 13, 147, 1500, 0.30, 450, '2021-12-18 17:00:00', '2022-02-21 03:44:27'),
(671, 26, 147, 1100, 0.70, 770, '2021-12-18 17:00:00', '2022-02-21 03:44:27'),
(672, 17, 147, 400, 0.20, 80, '2021-12-18 17:00:00', '2022-02-21 03:44:27'),
(673, 11, 147, 1200, 0.30, 360, '2021-12-18 17:00:00', '2022-02-21 03:44:27'),
(674, 22, 147, 800, 0.20, 160, '2021-12-18 17:00:00', '2022-02-21 03:44:27'),
(675, 7, 148, 2000, 1.10, 2200, '2021-12-18 17:00:00', '2022-02-21 03:44:27'),
(676, 15, 148, 1000, 8.70, 8700, '2021-12-18 17:00:00', '2022-02-21 03:44:27'),
(677, 7, 149, 2000, 0.80, 1600, '2021-12-18 17:00:00', '2022-02-21 03:44:28'),
(678, 13, 149, 1500, 0.50, 750, '2021-12-18 17:00:00', '2022-02-21 03:44:28'),
(679, 26, 149, 1100, 7.40, 8140, '2021-12-18 17:00:00', '2022-02-21 03:44:28'),
(680, 15, 150, 1000, 1.00, 1000, '2021-12-18 17:00:00', '2022-02-21 03:44:28'),
(681, 17, 150, 400, 0.30, 120, '2021-12-18 17:00:00', '2022-02-21 03:44:28'),
(682, 22, 150, 800, 1.00, 800, '2021-12-18 17:00:00', '2022-02-21 03:44:28'),
(683, 23, 151, 700, 0.80, 560, '2021-12-18 17:00:00', '2022-02-21 03:44:28'),
(684, 12, 151, 2500, 1.90, 4750, '2021-12-18 17:00:00', '2022-02-21 03:44:28'),
(685, 24, 151, 1500, 7.40, 11100, '2021-12-18 17:00:00', '2022-02-21 03:44:28'),
(686, 25, 151, 700, 0.70, 490, '2021-12-18 17:00:00', '2022-02-21 03:44:28'),
(687, 15, 151, 1000, 1.80, 1800, '2021-12-18 17:00:00', '2022-02-21 03:44:28'),
(688, 26, 151, 1100, 2.90, 3190, '2021-12-18 17:00:00', '2022-02-21 03:44:28'),
(689, 28, 151, 700, 1.10, 770, '2021-12-18 17:00:00', '2022-02-21 03:44:28'),
(690, 18, 151, 700, 0.10, 70, '2021-12-18 17:00:00', '2022-02-21 03:44:28'),
(691, 10, 151, 700, 0.50, 350, '2021-12-18 17:00:00', '2022-02-21 03:44:28'),
(692, 24, 152, 1500, 1.60, 2400, '2021-12-18 17:00:00', '2022-02-21 03:44:28'),
(693, 15, 152, 1000, 0.30, 300, '2021-12-18 17:00:00', '2022-02-21 03:44:28'),
(694, 27, 152, 2000, 0.90, 1800, '2021-12-18 17:00:00', '2022-02-21 03:44:28'),
(695, 11, 152, 1200, 0.10, 120, '2021-12-18 17:00:00', '2022-02-21 03:44:28'),
(696, 12, 153, 2500, 0.30, 750, '2021-12-18 17:00:00', '2022-02-21 03:44:28'),
(697, 26, 153, 1100, 2.20, 2420, '2021-12-18 17:00:00', '2022-02-21 03:44:28'),
(698, 22, 153, 800, 0.20, 160, '2021-12-18 17:00:00', '2022-02-21 03:44:28'),
(699, 26, 154, 1100, 5.20, 5720, '2021-12-18 17:00:00', '2022-02-21 03:44:28'),
(700, 21, 155, 25, 0.20, 5, '2021-12-18 17:00:00', '2022-02-21 03:44:28'),
(701, 25, 155, 700, 0.40, 280, '2021-12-18 17:00:00', '2022-02-21 03:44:28'),
(702, 26, 155, 1100, 0.80, 880, '2021-12-18 17:00:00', '2022-02-21 03:44:28'),
(703, 19, 155, 800, 0.10, 80, '2021-12-18 17:00:00', '2022-02-21 03:44:28'),
(704, 25, 156, 700, 0.80, 560, '2021-12-18 17:00:00', '2022-02-21 03:44:28'),
(705, 26, 156, 1100, 3.20, 3520, '2021-12-18 17:00:00', '2022-02-21 03:44:28'),
(706, 11, 156, 1200, 0.20, 240, '2021-12-18 17:00:00', '2022-02-21 03:44:28'),
(707, 22, 156, 800, 0.10, 80, '2021-12-18 17:00:00', '2022-02-21 03:44:28'),
(708, 2, 157, 8000, 0.02, 160, '2021-12-18 17:00:00', '2022-02-21 03:44:28'),
(709, 6, 157, 9000, 0.20, 1800, '2021-12-18 17:00:00', '2022-02-21 03:44:28'),
(710, 26, 157, 1100, 1.80, 1980, '2021-12-18 17:00:00', '2022-02-21 03:44:28'),
(711, 10, 157, 700, 1.90, 1330, '2021-12-18 17:00:00', '2022-02-21 03:44:28'),
(712, 14, 158, 200, 0.20, 40, '2021-12-18 17:00:00', '2022-02-21 03:44:28'),
(713, 21, 158, 25, 0.10, 3, '2021-12-18 17:00:00', '2022-02-21 03:44:28'),
(714, 24, 158, 1500, 2.20, 3300, '2021-12-18 17:00:00', '2022-02-21 03:44:28'),
(715, 26, 158, 1100, 3.80, 4180, '2021-12-18 17:00:00', '2022-02-21 03:44:28'),
(716, 11, 158, 1200, 0.20, 240, '2021-12-18 17:00:00', '2022-02-21 03:44:28'),
(717, 15, 159, 1000, 0.60, 600, '2021-12-18 17:00:00', '2022-02-21 03:44:28'),
(718, 26, 159, 1100, 1.40, 1540, '2021-12-18 17:00:00', '2022-02-21 03:44:28'),
(719, 22, 159, 800, 0.20, 160, '2021-12-18 17:00:00', '2022-02-21 03:44:28'),
(720, 10, 159, 700, 1.80, 1260, '2021-12-18 17:00:00', '2022-02-21 03:44:28'),
(721, 23, 160, 700, 0.80, 560, '2021-12-18 17:00:00', '2022-02-21 03:44:28'),
(722, 12, 160, 2500, 1.80, 4500, '2021-12-18 17:00:00', '2022-02-21 03:44:28'),
(723, 25, 160, 700, 0.30, 210, '2021-12-18 17:00:00', '2022-02-21 03:44:28'),
(724, 26, 160, 1100, 1.70, 1870, '2021-12-18 17:00:00', '2022-02-21 03:44:28'),
(725, 10, 160, 700, 1.80, 1260, '2021-12-18 17:00:00', '2022-02-21 03:44:28'),
(726, 12, 161, 2500, 1.10, 2750, '2021-12-18 17:00:00', '2022-02-21 03:44:28'),
(727, 24, 161, 1500, 3.20, 4800, '2021-12-18 17:00:00', '2022-02-21 03:44:28'),
(728, 25, 161, 700, 0.50, 350, '2021-12-18 17:00:00', '2022-02-21 03:44:28'),
(729, 15, 161, 1000, 1.10, 1100, '2021-12-18 17:00:00', '2022-02-21 03:44:28'),
(730, 26, 161, 1100, 1.60, 1760, '2021-12-18 17:00:00', '2022-02-21 03:44:28'),
(731, 28, 161, 700, 0.70, 490, '2021-12-18 17:00:00', '2022-02-21 03:44:28'),
(732, 10, 161, 700, 1.70, 1190, '2021-12-18 17:00:00', '2022-02-21 03:44:28'),
(733, 4, 162, 700, 3.00, 2100, '2021-12-18 17:00:00', '2022-02-21 03:44:28'),
(734, 15, 162, 1000, 0.80, 800, '2021-12-18 17:00:00', '2022-02-21 03:44:28'),
(735, 15, 163, 1000, 0.30, 300, '2021-12-18 17:00:00', '2022-02-21 03:44:28'),
(736, 17, 163, 400, 0.70, 280, '2021-12-18 17:00:00', '2022-02-21 03:44:28'),
(737, 15, 164, 1000, 4.10, 4100, '2021-12-18 17:00:00', '2022-02-21 03:44:28'),
(738, 26, 164, 1100, 1.20, 1320, '2021-12-18 17:00:00', '2022-02-21 03:44:28'),
(739, 12, 165, 2500, 0.40, 1000, '2022-01-01 17:00:00', '2022-02-21 03:44:28'),
(740, 21, 165, 25, 0.10, 3, '2022-01-01 17:00:00', '2022-02-21 03:44:28'),
(741, 25, 165, 700, 0.80, 560, '2022-01-01 17:00:00', '2022-02-21 03:44:28'),
(742, 15, 165, 1000, 0.50, 500, '2022-01-01 17:00:00', '2022-02-21 03:44:28'),
(743, 26, 165, 1100, 0.20, 220, '2022-01-01 17:00:00', '2022-02-21 03:44:28'),
(744, 11, 165, 1200, 0.40, 480, '2022-01-01 17:00:00', '2022-02-21 03:44:28'),
(745, 22, 165, 800, 0.10, 80, '2022-01-01 17:00:00', '2022-02-21 03:44:28'),
(746, 12, 166, 2500, 0.30, 750, '2022-01-01 17:00:00', '2022-02-21 03:44:28'),
(747, 14, 166, 200, 0.70, 140, '2022-01-01 17:00:00', '2022-02-21 03:44:28'),
(748, 25, 166, 700, 0.30, 210, '2022-01-01 17:00:00', '2022-02-21 03:44:28'),
(749, 15, 166, 1000, 4.00, 4000, '2022-01-01 17:00:00', '2022-02-21 03:44:28'),
(750, 26, 166, 1100, 7.80, 8580, '2022-01-01 17:00:00', '2022-02-21 03:44:28'),
(751, 11, 166, 1200, 0.70, 840, '2022-01-01 17:00:00', '2022-02-21 03:44:28'),
(752, 22, 166, 800, 0.80, 640, '2022-01-01 17:00:00', '2022-02-21 03:44:28'),
(753, 25, 167, 700, 0.20, 140, '2022-01-01 17:00:00', '2022-02-21 03:44:29'),
(754, 15, 167, 1000, 0.20, 200, '2022-01-01 17:00:00', '2022-02-21 03:44:29'),
(755, 17, 167, 400, 0.10, 40, '2022-01-01 17:00:00', '2022-02-21 03:44:29'),
(756, 22, 167, 800, 0.20, 160, '2022-01-01 17:00:00', '2022-02-21 03:44:29'),
(757, 2, 168, 8000, 0.01, 80, '2022-01-01 17:00:00', '2022-02-21 03:44:29'),
(758, 8, 168, 1000, 0.10, 100, '2022-01-01 17:00:00', '2022-02-21 03:44:29'),
(759, 12, 168, 2500, 1.50, 3750, '2022-01-01 17:00:00', '2022-02-21 03:44:29'),
(760, 24, 168, 1500, 0.10, 150, '2022-01-01 17:00:00', '2022-02-21 03:44:29'),
(761, 25, 168, 700, 0.40, 280, '2022-01-01 17:00:00', '2022-02-21 03:44:29'),
(762, 15, 168, 1000, 0.60, 600, '2022-01-01 17:00:00', '2022-02-21 03:44:29'),
(763, 26, 168, 1100, 2.70, 2970, '2022-01-01 17:00:00', '2022-02-21 03:44:29'),
(764, 11, 168, 1200, 0.10, 120, '2022-01-01 17:00:00', '2022-02-21 03:44:29'),
(765, 22, 168, 800, 0.20, 160, '2022-01-01 17:00:00', '2022-02-21 03:44:29'),
(766, 2, 169, 8000, 0.02, 160, '2022-01-01 17:00:00', '2022-02-21 03:44:29'),
(767, 8, 169, 1000, 0.30, 300, '2022-01-01 17:00:00', '2022-02-21 03:44:29'),
(768, 13, 169, 1500, 0.50, 750, '2022-01-01 17:00:00', '2022-02-21 03:44:29'),
(769, 25, 169, 700, 0.20, 140, '2022-01-01 17:00:00', '2022-02-21 03:44:29'),
(770, 15, 169, 1000, 0.40, 400, '2022-01-01 17:00:00', '2022-02-21 03:44:29'),
(771, 26, 169, 1100, 2.60, 2860, '2022-01-01 17:00:00', '2022-02-21 03:44:29'),
(772, 11, 169, 1200, 0.10, 120, '2022-01-01 17:00:00', '2022-02-21 03:44:29'),
(773, 22, 169, 800, 0.10, 80, '2022-01-01 17:00:00', '2022-02-21 03:44:29'),
(774, 13, 170, 1500, 1.00, 1500, '2022-01-01 17:00:00', '2022-02-21 03:44:29'),
(775, 14, 170, 200, 0.60, 120, '2022-01-01 17:00:00', '2022-02-21 03:44:29'),
(776, 24, 170, 1500, 8.80, 13200, '2022-01-01 17:00:00', '2022-02-21 03:44:29'),
(777, 25, 170, 700, 1.10, 770, '2022-01-01 17:00:00', '2022-02-21 03:44:29'),
(778, 26, 170, 1100, 1.80, 1980, '2022-01-01 17:00:00', '2022-02-21 03:44:29'),
(779, 17, 170, 400, 0.70, 280, '2022-01-01 17:00:00', '2022-02-21 03:44:29'),
(780, 11, 170, 1200, 0.30, 360, '2022-01-01 17:00:00', '2022-02-21 03:44:29'),
(781, 22, 170, 800, 0.10, 80, '2022-01-01 17:00:00', '2022-02-21 03:44:29'),
(782, 2, 171, 8000, 0.03, 240, '2022-01-01 17:00:00', '2022-02-21 03:44:29'),
(783, 13, 171, 1500, 0.60, 900, '2022-01-01 17:00:00', '2022-02-21 03:44:29'),
(784, 15, 171, 1000, 0.10, 100, '2022-01-01 17:00:00', '2022-02-21 03:44:29'),
(785, 26, 171, 1100, 1.60, 1760, '2022-01-01 17:00:00', '2022-02-21 03:44:29'),
(786, 4, 172, 700, 1.00, 700, '2022-01-01 17:00:00', '2022-02-21 03:44:29'),
(787, 31, 172, 200, 24.00, 4800, '2022-01-01 17:00:00', '2022-02-21 03:44:29'),
(788, 14, 172, 200, 1.30, 260, '2022-01-01 17:00:00', '2022-02-21 03:44:29'),
(789, 21, 172, 25, 1.00, 25, '2022-01-01 17:00:00', '2022-02-21 03:44:29'),
(790, 15, 172, 1000, 1.10, 1100, '2022-01-01 17:00:00', '2022-02-21 03:44:29'),
(791, 14, 173, 200, 1.30, 260, '2022-01-01 17:00:00', '2022-02-21 03:44:29'),
(792, 21, 173, 25, 0.60, 15, '2022-01-01 17:00:00', '2022-02-21 03:44:29'),
(793, 25, 173, 700, 0.20, 140, '2022-01-01 17:00:00', '2022-02-21 03:44:29'),
(794, 15, 173, 1000, 0.20, 200, '2022-01-01 17:00:00', '2022-02-21 03:44:29'),
(795, 13, 174, 1500, 1.00, 1500, '2022-01-01 17:00:00', '2022-02-21 03:44:29'),
(796, 24, 174, 1500, 2.10, 3150, '2022-01-01 17:00:00', '2022-02-21 03:44:29'),
(797, 25, 174, 700, 0.40, 280, '2022-01-01 17:00:00', '2022-02-21 03:44:29'),
(798, 2, 175, 8000, 0.10, 800, '2022-01-01 17:00:00', '2022-02-21 03:44:29'),
(799, 13, 175, 1500, 0.80, 1200, '2022-01-01 17:00:00', '2022-02-21 03:44:29'),
(800, 14, 175, 200, 0.10, 20, '2022-01-01 17:00:00', '2022-02-21 03:44:29'),
(801, 15, 175, 1000, 0.20, 200, '2022-01-01 17:00:00', '2022-02-21 03:44:29'),
(802, 26, 175, 1100, 1.70, 1870, '2022-01-01 17:00:00', '2022-02-21 03:44:29'),
(803, 22, 175, 800, 0.30, 240, '2022-01-01 17:00:00', '2022-02-21 03:44:29'),
(804, 12, 176, 2500, 2.30, 5750, '2022-01-01 17:00:00', '2022-02-21 03:44:29'),
(805, 25, 176, 700, 3.00, 2100, '2022-01-01 17:00:00', '2022-02-21 03:44:29'),
(806, 15, 176, 1000, 5.30, 5300, '2022-01-01 17:00:00', '2022-02-21 03:44:29'),
(807, 16, 176, 2500, 0.20, 500, '2022-01-01 17:00:00', '2022-02-21 03:44:29'),
(808, 26, 176, 1100, 3.00, 3300, '2022-01-01 17:00:00', '2022-02-21 03:44:29'),
(809, 29, 176, 800, 0.70, 560, '2022-01-01 17:00:00', '2022-02-21 03:44:29'),
(810, 10, 176, 700, 0.40, 280, '2022-01-01 17:00:00', '2022-02-21 03:44:29'),
(811, 12, 177, 2500, 2.80, 7000, '2022-01-01 17:00:00', '2022-02-21 03:44:29'),
(812, 25, 177, 700, 0.20, 140, '2022-01-01 17:00:00', '2022-02-21 03:44:29'),
(813, 15, 177, 1000, 1.90, 1900, '2022-01-01 17:00:00', '2022-02-21 03:44:29'),
(814, 26, 178, 1100, 6.40, 7040, '2022-01-01 17:00:00', '2022-02-21 03:44:29'),
(815, 13, 179, 1500, 0.40, 600, '2022-01-01 17:00:00', '2022-02-21 03:44:29'),
(816, 21, 179, 25, 0.60, 15, '2022-01-01 17:00:00', '2022-02-21 03:44:29'),
(817, 25, 179, 700, 0.60, 420, '2022-01-01 17:00:00', '2022-02-21 03:44:29'),
(818, 15, 179, 1000, 0.40, 400, '2022-01-01 17:00:00', '2022-02-21 03:44:29'),
(819, 11, 179, 1200, 0.20, 240, '2022-01-01 17:00:00', '2022-02-21 03:44:29'),
(820, 22, 179, 800, 0.70, 560, '2022-01-01 17:00:00', '2022-02-21 03:44:29'),
(821, 8, 180, 1000, 0.30, 300, '2022-01-01 17:00:00', '2022-02-21 03:44:29'),
(822, 13, 180, 1500, 0.70, 1050, '2022-01-01 17:00:00', '2022-02-21 03:44:29'),
(823, 25, 180, 700, 0.30, 210, '2022-01-01 17:00:00', '2022-02-21 03:44:29'),
(824, 17, 180, 400, 0.30, 120, '2022-01-01 17:00:00', '2022-02-21 03:44:29'),
(825, 22, 180, 800, 0.50, 400, '2022-01-01 17:00:00', '2022-02-21 03:44:29'),
(826, 25, 181, 700, 0.30, 210, '2022-01-01 17:00:00', '2022-02-21 03:44:29'),
(827, 15, 181, 1000, 5.50, 5500, '2022-01-01 17:00:00', '2022-02-21 03:44:29'),
(828, 26, 181, 1100, 2.50, 2750, '2022-01-01 17:00:00', '2022-02-21 03:44:29'),
(829, 11, 181, 1200, 0.30, 360, '2022-01-01 17:00:00', '2022-02-21 03:44:29'),
(830, 13, 182, 1500, 1.40, 2100, '2022-01-01 17:00:00', '2022-02-21 03:44:29'),
(831, 15, 182, 1000, 0.20, 200, '2022-01-01 17:00:00', '2022-02-21 03:44:29'),
(832, 22, 182, 800, 3.10, 2480, '2022-01-01 17:00:00', '2022-02-21 03:44:29'),
(833, 15, 183, 1000, 1.10, 1100, '2022-01-01 17:00:00', '2022-02-21 03:44:29'),
(834, 26, 183, 1100, 1.20, 1320, '2022-01-01 17:00:00', '2022-02-21 03:44:29'),
(835, 15, 184, 1000, 2.50, 2500, '2022-01-01 17:00:00', '2022-02-21 03:44:29'),
(836, 26, 184, 1100, 7.80, 8580, '2022-01-01 17:00:00', '2022-02-21 03:44:29'),
(837, 15, 185, 1000, 10.40, 10400, '2022-01-01 17:00:00', '2022-02-21 03:44:29'),
(838, 29, 185, 800, 10.10, 8080, '2022-01-01 17:00:00', '2022-02-21 03:44:29'),
(839, 12, 186, 2500, 0.40, 1000, '2022-01-01 17:00:00', '2022-02-21 03:44:30'),
(840, 25, 186, 700, 0.50, 350, '2022-01-01 17:00:00', '2022-02-21 03:44:30'),
(841, 26, 186, 1100, 1.40, 1540, '2022-01-01 17:00:00', '2022-02-21 03:44:30'),
(842, 8, 187, 1000, 0.30, 300, '2022-01-01 17:00:00', '2022-02-21 03:44:30'),
(843, 15, 187, 1000, 1.00, 1000, '2022-01-01 17:00:00', '2022-02-21 03:44:30'),
(844, 11, 187, 1200, 0.20, 240, '2022-01-01 17:00:00', '2022-02-21 03:44:30'),
(845, 25, 188, 700, 0.50, 350, '2022-01-01 17:00:00', '2022-02-21 03:44:30'),
(846, 15, 188, 1000, 0.20, 200, '2022-01-01 17:00:00', '2022-02-21 03:44:30'),
(847, 26, 188, 1100, 1.90, 2090, '2022-01-01 17:00:00', '2022-02-21 03:44:30'),
(848, 25, 189, 700, 0.20, 140, '2022-01-01 17:00:00', '2022-02-21 03:44:30'),
(849, 15, 189, 1000, 0.40, 400, '2022-01-01 17:00:00', '2022-02-21 03:44:30'),
(850, 26, 189, 1100, 1.80, 1980, '2022-01-01 17:00:00', '2022-02-21 03:44:30'),
(851, 15, 190, 1000, 10.00, 10000, '2022-01-01 17:00:00', '2022-02-21 03:44:30'),
(852, 26, 190, 1100, 1.40, 1540, '2022-01-01 17:00:00', '2022-02-21 03:44:30'),
(853, 22, 190, 800, 0.40, 320, '2022-01-01 17:00:00', '2022-02-21 03:44:30'),
(854, 12, 191, 2500, 0.40, 1000, '2022-01-01 17:00:00', '2022-02-21 03:44:30'),
(855, 15, 191, 1000, 5.00, 5000, '2022-01-01 17:00:00', '2022-02-21 03:44:30'),
(856, 22, 191, 800, 0.20, 160, '2022-01-01 17:00:00', '2022-02-21 03:44:30'),
(857, 12, 192, 2500, 0.70, 1750, '2022-01-01 17:00:00', '2022-02-21 03:44:30'),
(858, 15, 192, 1000, 0.10, 100, '2022-01-01 17:00:00', '2022-02-21 03:44:30'),
(859, 26, 192, 1100, 1.70, 1870, '2022-01-01 17:00:00', '2022-02-21 03:44:30'),
(860, 12, 193, 2500, 0.40, 1000, '2022-01-01 17:00:00', '2022-02-21 03:44:30'),
(861, 15, 193, 1000, 0.30, 300, '2022-01-01 17:00:00', '2022-02-21 03:44:30'),
(862, 26, 193, 1100, 1.60, 1760, '2022-01-01 17:00:00', '2022-02-21 03:44:30'),
(863, 12, 194, 2500, 1.00, 2500, '2022-01-01 17:00:00', '2022-02-21 03:44:30'),
(864, 15, 194, 1000, 0.30, 300, '2022-01-01 17:00:00', '2022-02-21 03:44:30'),
(865, 26, 194, 1100, 5.90, 6490, '2022-01-01 17:00:00', '2022-02-21 03:44:30'),
(866, 12, 195, 2500, 2.00, 5000, '2022-01-15 17:00:00', '2022-02-21 03:44:30'),
(867, 15, 195, 1000, 0.30, 300, '2022-01-15 17:00:00', '2022-02-21 03:44:30'),
(868, 26, 195, 1100, 2.60, 2860, '2022-01-15 17:00:00', '2022-02-21 03:44:30'),
(869, 2, 196, 8000, 0.26, 2080, '2022-01-15 17:00:00', '2022-02-21 03:44:30'),
(870, 12, 196, 2500, 2.40, 6000, '2022-01-15 17:00:00', '2022-02-21 03:44:30'),
(871, 25, 196, 700, 2.90, 2030, '2022-01-15 17:00:00', '2022-02-21 03:44:30'),
(872, 15, 196, 1000, 0.30, 300, '2022-01-15 17:00:00', '2022-02-21 03:44:30'),
(873, 26, 196, 1100, 4.80, 5280, '2022-01-15 17:00:00', '2022-02-21 03:44:30'),
(874, 17, 196, 400, 0.20, 80, '2022-01-15 17:00:00', '2022-02-21 03:44:30'),
(875, 11, 196, 1200, 1.40, 1680, '2022-01-15 17:00:00', '2022-02-21 03:44:30'),
(876, 22, 196, 800, 0.30, 240, '2022-01-15 17:00:00', '2022-02-21 03:44:30'),
(877, 2, 197, 8000, 0.02, 160, '2022-01-15 17:00:00', '2022-02-21 03:44:30'),
(878, 12, 197, 2500, 0.50, 1250, '2022-01-15 17:00:00', '2022-02-21 03:44:30'),
(879, 25, 197, 700, 0.20, 140, '2022-01-15 17:00:00', '2022-02-21 03:44:30'),
(880, 15, 197, 1000, 0.20, 200, '2022-01-15 17:00:00', '2022-02-21 03:44:30'),
(881, 26, 197, 1100, 1.00, 1100, '2022-01-15 17:00:00', '2022-02-21 03:44:30'),
(882, 17, 197, 400, 0.10, 40, '2022-01-15 17:00:00', '2022-02-21 03:44:30'),
(883, 22, 197, 800, 0.10, 80, '2022-01-15 17:00:00', '2022-02-21 03:44:30'),
(884, 15, 198, 1000, 1.00, 1000, '2022-01-15 17:00:00', '2022-02-21 03:44:30'),
(885, 29, 198, 800, 19.00, 15200, '2022-01-15 17:00:00', '2022-02-21 03:44:30'),
(886, 12, 199, 2500, 0.10, 250, '2022-01-15 17:00:00', '2022-02-21 03:44:30'),
(887, 25, 199, 700, 1.20, 840, '2022-01-15 17:00:00', '2022-02-21 03:44:30'),
(888, 15, 199, 1000, 0.70, 700, '2022-01-15 17:00:00', '2022-02-21 03:44:30'),
(889, 22, 199, 800, 0.30, 240, '2022-01-15 17:00:00', '2022-02-21 03:44:30'),
(890, 12, 200, 2500, 1.90, 4750, '2022-01-15 17:00:00', '2022-02-21 03:44:30'),
(891, 25, 200, 700, 1.10, 770, '2022-01-15 17:00:00', '2022-02-21 03:44:30'),
(892, 15, 200, 1000, 0.50, 500, '2022-01-15 17:00:00', '2022-02-21 03:44:30'),
(893, 26, 200, 1100, 1.10, 1210, '2022-01-15 17:00:00', '2022-02-21 03:44:30'),
(894, 11, 200, 1200, 0.20, 240, '2022-01-15 17:00:00', '2022-02-21 03:44:30'),
(895, 22, 200, 800, 1.20, 960, '2022-01-15 17:00:00', '2022-02-21 03:44:30'),
(896, 7, 201, 2000, 0.30, 600, '2022-01-15 17:00:00', '2022-02-21 03:44:30'),
(897, 13, 201, 1500, 0.20, 300, '2022-01-15 17:00:00', '2022-02-21 03:44:30'),
(898, 14, 201, 200, 0.40, 80, '2022-01-15 17:00:00', '2022-02-21 03:44:30'),
(899, 25, 201, 700, 0.40, 280, '2022-01-15 17:00:00', '2022-02-21 03:44:30'),
(900, 15, 201, 1000, 0.50, 500, '2022-01-15 17:00:00', '2022-02-21 03:44:30'),
(901, 17, 201, 400, 0.50, 200, '2022-01-15 17:00:00', '2022-02-21 03:44:30'),
(902, 2, 202, 8000, 0.03, 240, '2022-01-15 17:00:00', '2022-02-21 03:44:30'),
(903, 8, 202, 1000, 0.10, 100, '2022-01-15 17:00:00', '2022-02-21 03:44:30'),
(904, 12, 202, 2500, 0.30, 750, '2022-01-15 17:00:00', '2022-02-21 03:44:30'),
(905, 13, 202, 1500, 3.00, 4500, '2022-01-15 17:00:00', '2022-02-21 03:44:30'),
(906, 15, 202, 1000, 5.70, 5700, '2022-01-15 17:00:00', '2022-02-21 03:44:30'),
(907, 17, 202, 400, 0.30, 120, '2022-01-15 17:00:00', '2022-02-21 03:44:30'),
(908, 22, 202, 800, 0.40, 320, '2022-01-15 17:00:00', '2022-02-21 03:44:30'),
(909, 13, 203, 1500, 1.70, 2550, '2022-01-15 17:00:00', '2022-02-21 03:44:30'),
(910, 13, 204, 1500, 1.30, 1950, '2022-01-15 17:00:00', '2022-02-21 03:44:31'),
(911, 14, 204, 200, 0.40, 80, '2022-01-15 17:00:00', '2022-02-21 03:44:31'),
(912, 35, 204, 1000, 0.60, 600, '2022-01-15 17:00:00', '2022-02-21 03:44:31'),
(913, 2, 205, 8000, 0.02, 160, '2022-01-15 17:00:00', '2022-02-21 03:44:31'),
(914, 13, 205, 1500, 0.70, 1050, '2022-01-15 17:00:00', '2022-02-21 03:44:31'),
(915, 25, 205, 700, 0.20, 140, '2022-01-15 17:00:00', '2022-02-21 03:44:31'),
(916, 15, 205, 1000, 0.20, 200, '2022-01-15 17:00:00', '2022-02-21 03:44:31'),
(917, 16, 205, 2500, 0.10, 250, '2022-01-15 17:00:00', '2022-02-21 03:44:31'),
(918, 26, 205, 1100, 0.20, 220, '2022-01-15 17:00:00', '2022-02-21 03:44:31'),
(919, 22, 205, 800, 0.20, 160, '2022-01-15 17:00:00', '2022-02-21 03:44:31'),
(920, 13, 206, 1500, 0.50, 750, '2022-01-15 17:00:00', '2022-02-21 03:44:31'),
(921, 25, 206, 700, 0.40, 280, '2022-01-15 17:00:00', '2022-02-21 03:44:31'),
(922, 15, 206, 1000, 0.60, 600, '2022-01-15 17:00:00', '2022-02-21 03:44:31'),
(923, 22, 206, 800, 0.30, 240, '2022-01-15 17:00:00', '2022-02-21 03:44:31'),
(924, 2, 207, 8000, 0.05, 400, '2022-01-15 17:00:00', '2022-02-21 03:44:31'),
(925, 12, 207, 2500, 1.10, 2750, '2022-01-15 17:00:00', '2022-02-21 03:44:31'),
(926, 25, 207, 700, 2.40, 1680, '2022-01-15 17:00:00', '2022-02-21 03:44:31'),
(927, 15, 207, 1000, 2.20, 2200, '2022-01-15 17:00:00', '2022-02-21 03:44:31'),
(928, 26, 207, 1100, 2.60, 2860, '2022-01-15 17:00:00', '2022-02-21 03:44:31'),
(929, 17, 207, 400, 0.10, 40, '2022-01-15 17:00:00', '2022-02-21 03:44:31'),
(930, 11, 207, 1200, 0.80, 960, '2022-01-15 17:00:00', '2022-02-21 03:44:31'),
(931, 22, 207, 800, 1.30, 1040, '2022-01-15 17:00:00', '2022-02-21 03:44:31'),
(932, 2, 208, 8000, 0.04, 320, '2022-01-15 17:00:00', '2022-02-21 03:44:31'),
(933, 13, 208, 1500, 1.40, 2100, '2022-01-15 17:00:00', '2022-02-21 03:44:31'),
(934, 25, 208, 700, 0.20, 140, '2022-01-15 17:00:00', '2022-02-21 03:44:31'),
(935, 11, 208, 1200, 0.50, 600, '2022-01-15 17:00:00', '2022-02-21 03:44:31'),
(936, 13, 209, 1500, 0.50, 750, '2022-01-15 17:00:00', '2022-02-21 03:44:31'),
(937, 21, 209, 25, 0.20, 5, '2022-01-15 17:00:00', '2022-02-21 03:44:31'),
(938, 25, 209, 700, 0.40, 280, '2022-01-15 17:00:00', '2022-02-21 03:44:31'),
(939, 15, 209, 1000, 0.50, 500, '2022-01-15 17:00:00', '2022-02-21 03:44:31'),
(940, 11, 209, 1200, 0.30, 360, '2022-01-15 17:00:00', '2022-02-21 03:44:31'),
(941, 22, 209, 800, 0.20, 160, '2022-01-15 17:00:00', '2022-02-21 03:44:31'),
(942, 14, 210, 200, 3.00, 600, '2022-01-15 17:00:00', '2022-02-21 03:44:31'),
(943, 21, 210, 25, 4.00, 100, '2022-01-15 17:00:00', '2022-02-21 03:44:31'),
(944, 25, 210, 700, 1.10, 770, '2022-01-15 17:00:00', '2022-02-21 03:44:31'),
(945, 15, 210, 1000, 0.50, 500, '2022-01-15 17:00:00', '2022-02-21 03:44:31'),
(946, 26, 210, 1100, 2.20, 2420, '2022-01-15 17:00:00', '2022-02-21 03:44:31'),
(947, 11, 210, 1200, 2.00, 2400, '2022-01-15 17:00:00', '2022-02-21 03:44:31'),
(948, 24, 211, 1500, 6.50, 9750, '2022-01-15 17:00:00', '2022-02-21 03:44:31'),
(949, 25, 211, 700, 0.50, 350, '2022-01-15 17:00:00', '2022-02-21 03:44:31'),
(950, 28, 211, 700, 2.10, 1470, '2022-01-15 17:00:00', '2022-02-21 03:44:31'),
(951, 12, 212, 2500, 2.30, 5750, '2022-01-15 17:00:00', '2022-02-21 03:44:31'),
(952, 14, 212, 200, 0.20, 40, '2022-01-15 17:00:00', '2022-02-21 03:44:31'),
(953, 21, 212, 25, 0.70, 18, '2022-01-15 17:00:00', '2022-02-21 03:44:31'),
(954, 25, 212, 700, 0.70, 490, '2022-01-15 17:00:00', '2022-02-21 03:44:31'),
(955, 15, 212, 1000, 1.30, 1300, '2022-01-15 17:00:00', '2022-02-21 03:44:31'),
(956, 26, 212, 1100, 2.40, 2640, '2022-01-15 17:00:00', '2022-02-21 03:44:31'),
(957, 17, 212, 400, 0.20, 80, '2022-01-15 17:00:00', '2022-02-21 03:44:31'),
(958, 35, 212, 1000, 12.10, 12100, '2022-01-15 17:00:00', '2022-02-21 03:44:31'),
(959, 11, 212, 1200, 0.20, 240, '2022-01-15 17:00:00', '2022-02-21 03:44:31'),
(960, 22, 212, 800, 0.40, 320, '2022-01-15 17:00:00', '2022-02-21 03:44:31'),
(961, 25, 213, 700, 0.20, 140, '2022-01-15 17:00:00', '2022-02-21 03:44:31'),
(962, 15, 213, 1000, 0.50, 500, '2022-01-15 17:00:00', '2022-02-21 03:44:31'),
(963, 14, 214, 200, 2.30, 460, '2022-01-15 17:00:00', '2022-02-21 03:44:31'),
(964, 25, 214, 700, 1.20, 840, '2022-01-15 17:00:00', '2022-02-21 03:44:31'),
(965, 15, 214, 1000, 2.60, 2600, '2022-01-15 17:00:00', '2022-02-21 03:44:31'),
(966, 26, 214, 1100, 5.00, 5500, '2022-01-15 17:00:00', '2022-02-21 03:44:31'),
(967, 11, 214, 1200, 0.30, 360, '2022-01-15 17:00:00', '2022-02-21 03:44:31'),
(968, 19, 214, 800, 0.20, 160, '2022-01-15 17:00:00', '2022-02-21 03:44:31'),
(969, 22, 214, 800, 0.20, 160, '2022-01-15 17:00:00', '2022-02-21 03:44:31'),
(970, 32, 214, 200, 0.90, 180, '2022-01-15 17:00:00', '2022-02-21 03:44:31'),
(971, 2, 215, 8000, 0.03, 240, '2022-01-15 17:00:00', '2022-02-21 03:44:31'),
(972, 12, 215, 2500, 1.20, 3000, '2022-01-15 17:00:00', '2022-02-21 03:44:31'),
(973, 14, 215, 200, 0.40, 80, '2022-01-15 17:00:00', '2022-02-21 03:44:31'),
(974, 15, 215, 1000, 3.60, 3600, '2022-01-15 17:00:00', '2022-02-21 03:44:31'),
(975, 26, 215, 1100, 2.90, 3190, '2022-01-15 17:00:00', '2022-02-21 03:44:31'),
(976, 17, 215, 400, 0.30, 120, '2022-01-15 17:00:00', '2022-02-21 03:44:31'),
(977, 11, 215, 1200, 0.30, 360, '2022-01-15 17:00:00', '2022-02-21 03:44:31'),
(978, 22, 215, 800, 0.30, 240, '2022-01-15 17:00:00', '2022-02-21 03:44:31'),
(979, 2, 216, 8000, 0.01, 80, '2022-01-15 17:00:00', '2022-02-21 03:44:31'),
(980, 12, 216, 2500, 0.30, 750, '2022-01-15 17:00:00', '2022-02-21 03:44:31'),
(981, 14, 216, 200, 0.30, 60, '2022-01-15 17:00:00', '2022-02-21 03:44:31'),
(982, 25, 216, 700, 0.60, 420, '2022-01-15 17:00:00', '2022-02-21 03:44:31'),
(983, 15, 216, 1000, 3.30, 3300, '2022-01-15 17:00:00', '2022-02-21 03:44:31'),
(984, 26, 216, 1100, 2.70, 2970, '2022-01-15 17:00:00', '2022-02-21 03:44:31'),
(985, 17, 216, 400, 1.10, 440, '2022-01-15 17:00:00', '2022-02-21 03:44:31'),
(986, 11, 216, 1200, 0.20, 240, '2022-01-15 17:00:00', '2022-02-21 03:44:31'),
(987, 12, 217, 2500, 1.00, 2500, '2022-01-15 17:00:00', '2022-02-21 03:44:31'),
(988, 21, 217, 25, 0.90, 23, '2022-01-15 17:00:00', '2022-02-21 03:44:31'),
(989, 25, 217, 700, 0.50, 350, '2022-01-15 17:00:00', '2022-02-21 03:44:31'),
(990, 15, 217, 1000, 4.80, 4800, '2022-01-15 17:00:00', '2022-02-21 03:44:31'),
(991, 26, 217, 1100, 3.90, 4290, '2022-01-15 17:00:00', '2022-02-21 03:44:31'),
(992, 11, 217, 1200, 0.60, 720, '2022-01-15 17:00:00', '2022-02-21 03:44:31'),
(993, 2, 218, 8000, 0.02, 160, '2022-01-15 17:00:00', '2022-02-21 03:44:31'),
(994, 6, 218, 9000, 0.20, 1800, '2022-01-15 17:00:00', '2022-02-21 03:44:31'),
(995, 8, 218, 1000, 3.40, 3400, '2022-01-15 17:00:00', '2022-02-21 03:44:31'),
(996, 12, 218, 2500, 0.70, 1750, '2022-01-15 17:00:00', '2022-02-21 03:44:31'),
(997, 14, 218, 200, 1.00, 200, '2022-01-15 17:00:00', '2022-02-21 03:44:31'),
(998, 25, 218, 700, 0.50, 350, '2022-01-15 17:00:00', '2022-02-21 03:44:31'),
(999, 15, 218, 1000, 4.60, 4600, '2022-01-15 17:00:00', '2022-02-21 03:44:31'),
(1000, 16, 218, 2500, 0.90, 2250, '2022-01-15 17:00:00', '2022-02-21 03:44:31'),
(1001, 22, 218, 800, 0.80, 640, '2022-01-15 17:00:00', '2022-02-21 03:44:31'),
(1002, 2, 219, 8000, 0.03, 240, '2022-01-15 17:00:00', '2022-02-21 03:44:31'),
(1003, 7, 219, 2000, 1.10, 2200, '2022-01-15 17:00:00', '2022-02-21 03:44:31'),
(1004, 12, 219, 2500, 0.90, 2250, '2022-01-15 17:00:00', '2022-02-21 03:44:31'),
(1005, 15, 219, 1000, 5.20, 5200, '2022-01-15 17:00:00', '2022-02-21 03:44:31'),
(1006, 26, 219, 1100, 8.50, 9350, '2022-01-15 17:00:00', '2022-02-21 03:44:31'),
(1007, 35, 219, 1000, 5.50, 5500, '2022-01-15 17:00:00', '2022-02-21 03:44:31'),
(1008, 22, 219, 800, 0.90, 720, '2022-01-15 17:00:00', '2022-02-21 03:44:31'),
(1009, 9, 219, 1500, 0.10, 150, '2022-01-15 17:00:00', '2022-02-21 03:44:31'),
(1010, 6, 220, 9000, 0.20, 1800, '2022-01-15 17:00:00', '2022-02-21 03:44:31'),
(1011, 12, 220, 2500, 0.90, 2250, '2022-01-15 17:00:00', '2022-02-21 03:44:31'),
(1012, 14, 220, 200, 0.80, 160, '2022-01-15 17:00:00', '2022-02-21 03:44:31'),
(1013, 24, 220, 1500, 0.80, 1200, '2022-01-15 17:00:00', '2022-02-21 03:44:31'),
(1014, 15, 220, 1000, 8.00, 8000, '2022-01-15 17:00:00', '2022-02-21 03:44:31'),
(1015, 16, 220, 2500, 1.00, 2500, '2022-01-15 17:00:00', '2022-02-21 03:44:31'),
(1016, 26, 220, 1100, 8.00, 8800, '2022-01-15 17:00:00', '2022-02-21 03:44:31'),
(1017, 17, 220, 400, 0.20, 80, '2022-01-15 17:00:00', '2022-02-21 03:44:31'),
(1018, 11, 220, 1200, 1.40, 1680, '2022-01-15 17:00:00', '2022-02-21 03:44:31'),
(1019, 22, 220, 800, 0.70, 560, '2022-01-15 17:00:00', '2022-02-21 03:44:31'),
(1020, 9, 220, 1500, 0.10, 150, '2022-01-15 17:00:00', '2022-02-21 03:44:31'),
(1021, 14, 221, 200, 0.20, 40, '2022-01-15 17:00:00', '2022-02-21 03:44:31'),
(1022, 25, 221, 700, 0.60, 420, '2022-01-15 17:00:00', '2022-02-21 03:44:31'),
(1023, 26, 221, 1100, 2.10, 2310, '2022-01-15 17:00:00', '2022-02-21 03:44:31'),
(1024, 11, 221, 1200, 0.60, 720, '2022-01-15 17:00:00', '2022-02-21 03:44:31'),
(1025, 2, 222, 8000, 0.06, 480, '2022-01-15 17:00:00', '2022-02-21 03:44:31'),
(1026, 6, 222, 9000, 0.20, 1800, '2022-01-15 17:00:00', '2022-02-21 03:44:31'),
(1027, 7, 222, 2000, 0.50, 1000, '2022-01-15 17:00:00', '2022-02-21 03:44:31'),
(1028, 12, 222, 2500, 0.30, 750, '2022-01-15 17:00:00', '2022-02-21 03:44:31'),
(1029, 14, 222, 200, 0.40, 80, '2022-01-15 17:00:00', '2022-02-21 03:44:31'),
(1030, 25, 222, 700, 1.60, 1120, '2022-01-15 17:00:00', '2022-02-21 03:44:31'),
(1031, 15, 222, 1000, 1.10, 1100, '2022-01-15 17:00:00', '2022-02-21 03:44:31'),
(1032, 26, 222, 1100, 2.30, 2530, '2022-01-15 17:00:00', '2022-02-21 03:44:31'),
(1033, 29, 222, 800, 3.60, 2880, '2022-01-15 17:00:00', '2022-02-21 03:44:31'),
(1034, 22, 222, 800, 0.30, 240, '2022-01-15 17:00:00', '2022-02-21 03:44:31'),
(1035, 25, 223, 700, 0.70, 490, '2022-02-05 17:00:00', NULL),
(1036, 15, 223, 1000, 0.20, 200, '2022-02-05 17:00:00', NULL),
(1037, 17, 223, 400, 0.50, 200, '2022-02-05 17:00:00', NULL),
(1038, 35, 223, 1000, 2.20, 2200, '2022-02-05 17:00:00', NULL),
(1039, 22, 223, 800, 0.50, 400, '2022-02-05 17:00:00', NULL),
(1040, 2, 224, 8000, 0.01, 80, '2022-02-05 17:00:00', NULL),
(1041, 12, 224, 2500, 0.80, 2000, '2022-02-05 17:00:00', NULL),
(1042, 14, 224, 200, 0.20, 40, '2022-02-05 17:00:00', NULL),
(1043, 25, 224, 700, 0.30, 210, '2022-02-05 17:00:00', NULL),
(1044, 15, 224, 1000, 0.20, 200, '2022-02-05 17:00:00', NULL),
(1045, 11, 224, 1200, 0.20, 240, '2022-02-05 17:00:00', NULL),
(1046, 22, 224, 800, 0.40, 320, '2022-02-05 17:00:00', NULL),
(1047, 12, 225, 2500, 1.60, 4000, '2022-02-05 17:00:00', NULL),
(1048, 25, 225, 700, 3.30, 2310, '2022-02-05 17:00:00', NULL),
(1049, 15, 225, 1000, 2.70, 2700, '2022-02-05 17:00:00', NULL),
(1050, 26, 225, 1100, 4.50, 4950, '2022-02-05 17:00:00', NULL),
(1051, 29, 225, 800, 1.00, 800, '2022-02-05 17:00:00', NULL),
(1052, 2, 226, 8000, 0.26, 2080, '2022-02-05 17:00:00', NULL),
(1053, 6, 226, 9000, 0.60, 5400, '2022-02-05 17:00:00', NULL),
(1054, 12, 226, 2500, 3.00, 7500, '2022-02-05 17:00:00', NULL),
(1055, 25, 226, 700, 1.40, 980, '2022-02-05 17:00:00', NULL),
(1056, 15, 226, 1000, 1.40, 1400, '2022-02-05 17:00:00', NULL),
(1057, 26, 226, 1100, 11.50, 12650, '2022-02-05 17:00:00', NULL),
(1058, 11, 226, 1200, 0.30, 360, '2022-02-05 17:00:00', NULL),
(1059, 13, 227, 1500, 0.70, 1050, '2022-02-05 17:00:00', NULL),
(1060, 15, 227, 1000, 0.60, 600, '2022-02-05 17:00:00', NULL),
(1061, 13, 228, 1500, 0.40, 600, '2022-02-05 17:00:00', NULL),
(1062, 14, 228, 200, 0.40, 80, '2022-02-05 17:00:00', NULL),
(1063, 25, 228, 700, 0.70, 490, '2022-02-05 17:00:00', NULL),
(1064, 15, 228, 1000, 0.50, 500, '2022-02-05 17:00:00', NULL),
(1065, 17, 228, 400, 0.50, 200, '2022-02-05 17:00:00', NULL),
(1066, 11, 228, 1200, 0.20, 240, '2022-02-05 17:00:00', NULL),
(1067, 22, 228, 800, 0.80, 640, '2022-02-05 17:00:00', NULL),
(1068, 13, 229, 1500, 0.60, 900, '2022-02-05 17:00:00', NULL),
(1069, 25, 229, 700, 0.80, 560, '2022-02-05 17:00:00', NULL),
(1070, 15, 229, 1000, 2.30, 2300, '2022-02-05 17:00:00', NULL),
(1071, 17, 229, 400, 0.30, 120, '2022-02-05 17:00:00', NULL),
(1072, 12, 230, 2500, 1.60, 4000, '2022-02-05 17:00:00', NULL),
(1073, 14, 230, 200, 3.10, 620, '2022-02-05 17:00:00', NULL),
(1074, 21, 230, 25, 1.20, 30, '2022-02-05 17:00:00', NULL),
(1075, 15, 230, 1000, 1.00, 1000, '2022-02-05 17:00:00', NULL),
(1076, 17, 230, 400, 0.10, 40, '2022-02-05 17:00:00', NULL),
(1077, 22, 230, 800, 0.20, 160, '2022-02-05 17:00:00', NULL),
(1078, 13, 231, 1500, 0.50, 750, '2022-02-05 17:00:00', NULL),
(1079, 21, 231, 25, 0.20, 5, '2022-02-05 17:00:00', NULL),
(1080, 25, 231, 700, 0.20, 140, '2022-02-05 17:00:00', NULL),
(1081, 15, 231, 1000, 0.40, 400, '2022-02-05 17:00:00', NULL),
(1082, 11, 231, 1200, 1.80, 2160, '2022-02-05 17:00:00', NULL),
(1083, 22, 231, 800, 0.30, 240, '2022-02-05 17:00:00', NULL),
(1084, 24, 232, 1500, 13.20, 19800, '2022-02-05 17:00:00', NULL),
(1085, 25, 232, 700, 0.80, 560, '2022-02-05 17:00:00', NULL),
(1086, 29, 232, 800, 5.90, 4720, '2022-02-05 17:00:00', NULL),
(1087, 28, 232, 700, 5.90, 4130, '2022-02-05 17:00:00', NULL),
(1088, 17, 233, 400, 1.50, 600, '2022-02-05 17:00:00', NULL),
(1089, 13, 234, 1500, 0.80, 1200, '2022-02-05 17:00:00', NULL),
(1090, 14, 234, 200, 1.60, 320, '2022-02-05 17:00:00', NULL),
(1091, 15, 234, 1000, 2.90, 2900, '2022-02-05 17:00:00', NULL),
(1092, 26, 234, 1100, 1.20, 1320, '2022-02-05 17:00:00', NULL),
(1093, 11, 234, 1200, 0.20, 240, '2022-02-05 17:00:00', NULL),
(1094, 13, 235, 1500, 0.50, 750, '2022-02-05 17:00:00', NULL),
(1095, 25, 235, 700, 0.70, 490, '2022-02-05 17:00:00', NULL),
(1096, 15, 235, 1000, 0.50, 500, '2022-02-05 17:00:00', NULL),
(1097, 29, 235, 800, 1.40, 1120, '2022-02-05 17:00:00', NULL),
(1098, 11, 235, 1200, 0.60, 720, '2022-02-05 17:00:00', NULL),
(1099, 22, 235, 800, 0.20, 160, '2022-02-05 17:00:00', NULL),
(1100, 13, 236, 1500, 1.40, 2100, '2022-02-05 17:00:00', NULL),
(1101, 26, 236, 1100, 0.60, 660, '2022-02-05 17:00:00', NULL),
(1102, 7, 237, 2000, 5.60, 11200, '2022-02-05 17:00:00', NULL),
(1103, 12, 237, 2500, 0.30, 750, '2022-02-05 17:00:00', NULL),
(1104, 14, 237, 200, 0.40, 80, '2022-02-05 17:00:00', NULL),
(1105, 15, 237, 1000, 1.20, 1200, '2022-02-05 17:00:00', NULL),
(1106, 26, 237, 1100, 0.80, 880, '2022-02-05 17:00:00', NULL),
(1107, 11, 237, 1200, 0.60, 720, '2022-02-05 17:00:00', NULL),
(1108, 22, 237, 800, 0.10, 80, '2022-02-05 17:00:00', NULL),
(1109, 2, 238, 8000, 0.68, 5440, '2022-02-05 17:00:00', NULL),
(1110, 13, 238, 1500, 2.60, 3900, '2022-02-05 17:00:00', NULL),
(1111, 14, 238, 200, 3.20, 640, '2022-02-05 17:00:00', NULL),
(1112, 15, 238, 1000, 11.60, 11600, '2022-02-05 17:00:00', NULL),
(1113, 26, 238, 1100, 3.80, 4180, '2022-02-05 17:00:00', NULL),
(1114, 29, 238, 800, 19.00, 15200, '2022-02-05 17:00:00', NULL),
(1115, 11, 238, 1200, 2.60, 3120, '2022-02-05 17:00:00', NULL),
(1116, 2, 239, 8000, 0.01, 80, '2022-02-05 17:00:00', NULL),
(1117, 13, 239, 1500, 1.30, 1950, '2022-02-05 17:00:00', NULL),
(1118, 25, 239, 700, 0.60, 420, '2022-02-05 17:00:00', NULL),
(1119, 15, 239, 1000, 10.20, 10200, '2022-02-05 17:00:00', NULL),
(1120, 11, 239, 1200, 0.50, 600, '2022-02-05 17:00:00', NULL),
(1121, 13, 240, 1500, 1.20, 1800, '2022-02-05 17:00:00', NULL),
(1122, 22, 240, 800, 4.10, 3280, '2022-02-05 17:00:00', NULL),
(1123, 27, 241, 2000, 10.80, 21600, '2022-02-05 17:00:00', NULL),
(1124, 29, 241, 800, 24.40, 19520, '2022-02-05 17:00:00', NULL),
(1125, 30, 241, 800, 12.20, 9760, '2022-02-05 17:00:00', NULL),
(1126, 6, 242, 9000, 1.40, 12600, '2022-02-05 17:00:00', NULL),
(1127, 12, 242, 2500, 0.50, 1250, '2022-02-05 17:00:00', NULL),
(1128, 21, 242, 25, 1.40, 35, '2022-02-05 17:00:00', NULL),
(1129, 25, 242, 700, 1.40, 980, '2022-02-05 17:00:00', NULL),
(1130, 15, 242, 1000, 3.00, 3000, '2022-02-05 17:00:00', NULL),
(1131, 17, 242, 400, 0.10, 40, '2022-02-05 17:00:00', NULL),
(1132, 11, 242, 1200, 0.20, 240, '2022-02-05 17:00:00', NULL),
(1133, 22, 242, 800, 0.40, 320, '2022-02-05 17:00:00', NULL),
(1134, 9, 242, 1500, 0.20, 300, '2022-02-05 17:00:00', NULL),
(1135, 12, 243, 2500, 0.40, 1000, '2022-02-05 17:00:00', NULL),
(1136, 24, 243, 1500, 0.50, 750, '2022-02-05 17:00:00', NULL),
(1137, 25, 243, 700, 0.80, 560, '2022-02-05 17:00:00', NULL),
(1138, 15, 243, 1000, 1.10, 1100, '2022-02-05 17:00:00', NULL),
(1139, 16, 243, 2500, 0.30, 750, '2022-02-05 17:00:00', NULL),
(1140, 26, 243, 1100, 5.30, 5830, '2022-02-05 17:00:00', NULL),
(1141, 11, 243, 1200, 0.10, 120, '2022-02-05 17:00:00', NULL),
(1142, 22, 243, 800, 1.10, 880, '2022-02-05 17:00:00', NULL),
(1143, 2, 244, 8000, 0.03, 240, '2022-02-05 17:00:00', NULL),
(1144, 12, 244, 2500, 0.80, 2000, '2022-02-05 17:00:00', NULL),
(1145, 15, 244, 1000, 0.70, 700, '2022-02-05 17:00:00', NULL),
(1146, 26, 244, 1100, 1.50, 1650, '2022-02-05 17:00:00', NULL),
(1147, 11, 244, 1200, 0.20, 240, '2022-02-05 17:00:00', NULL),
(1148, 12, 245, 2500, 0.60, 1500, '2022-02-05 17:00:00', NULL),
(1149, 25, 245, 700, 1.80, 1260, '2022-02-05 17:00:00', NULL),
(1150, 15, 245, 1000, 2.90, 2900, '2022-02-05 17:00:00', NULL),
(1151, 20, 245, 400, 0.80, 320, '2022-02-05 17:00:00', NULL),
(1152, 18, 245, 700, 0.10, 70, '2022-02-05 17:00:00', NULL),
(1153, 23, 246, 700, 1.80, 1260, '2022-02-05 17:00:00', NULL),
(1154, 24, 246, 1500, 1.90, 2850, '2022-02-05 17:00:00', NULL),
(1155, 27, 246, 2000, 0.70, 1400, '2022-02-05 17:00:00', NULL),
(1156, 28, 246, 700, 0.70, 490, '2022-02-05 17:00:00', NULL),
(1157, 22, 246, 800, 0.30, 240, '2022-02-05 17:00:00', NULL),
(1158, 10, 246, 700, 0.20, 140, '2022-02-05 17:00:00', NULL),
(1159, 12, 247, 2500, 1.70, 4250, '2022-02-05 17:00:00', NULL),
(1160, 25, 247, 700, 1.50, 1050, '2022-02-05 17:00:00', NULL),
(1161, 15, 247, 1000, 0.50, 500, '2022-02-05 17:00:00', NULL),
(1162, 26, 247, 1100, 1.70, 1870, '2022-02-05 17:00:00', NULL),
(1163, 27, 247, 2000, 3.40, 6800, '2022-02-05 17:00:00', NULL),
(1164, 22, 247, 800, 0.40, 320, '2022-02-05 17:00:00', NULL),
(1165, 32, 247, 200, 5.70, 1140, '2022-02-05 17:00:00', NULL),
(1166, 13, 248, 1500, 0.40, 600, '2022-02-05 17:00:00', NULL),
(1167, 15, 248, 1000, 0.60, 600, '2022-02-05 17:00:00', NULL),
(1168, 2, 249, 8000, 0.04, 320, '2022-02-05 17:00:00', NULL),
(1169, 6, 249, 9000, 0.30, 2700, '2022-02-05 17:00:00', NULL),
(1170, 12, 249, 2500, 0.50, 1250, '2022-02-05 17:00:00', NULL),
(1171, 24, 249, 1500, 3.20, 4800, '2022-02-05 17:00:00', NULL),
(1172, 25, 249, 700, 1.80, 1260, '2022-02-05 17:00:00', NULL),
(1173, 15, 249, 1000, 0.90, 900, '2022-02-05 17:00:00', NULL),
(1174, 26, 249, 1100, 3.40, 3740, '2022-02-05 17:00:00', NULL),
(1175, 27, 249, 2000, 1.60, 3200, '2022-02-05 17:00:00', NULL),
(1176, 19, 249, 800, 0.50, 400, '2022-02-05 17:00:00', NULL),
(1177, 7, 250, 2000, 0.90, 1800, '2022-02-05 17:00:00', NULL),
(1178, 8, 250, 1000, 0.30, 300, '2022-02-05 17:00:00', NULL),
(1179, 24, 250, 1500, 2.50, 3750, '2022-02-05 17:00:00', NULL),
(1180, 15, 250, 1000, 1.90, 1900, '2022-02-05 17:00:00', NULL),
(1181, 26, 250, 1100, 2.20, 2420, '2022-02-05 17:00:00', NULL),
(1182, 27, 250, 2000, 1.50, 3000, '2022-02-05 17:00:00', NULL),
(1183, 19, 250, 800, 0.40, 320, '2022-02-05 17:00:00', NULL),
(1184, 12, 251, 2500, 0.20, 500, '2022-02-05 17:00:00', NULL),
(1185, 14, 251, 200, 0.10, 20, '2022-02-05 17:00:00', NULL),
(1186, 21, 251, 25, 0.20, 5, '2022-02-05 17:00:00', NULL),
(1187, 5, 251, 1500, 0.50, 750, '2022-02-05 17:00:00', NULL),
(1188, 25, 251, 700, 1.80, 1260, '2022-02-05 17:00:00', NULL),
(1189, 15, 251, 1000, 0.50, 500, '2022-02-05 17:00:00', NULL),
(1190, 26, 251, 1100, 3.60, 3960, '2022-02-05 17:00:00', NULL),
(1191, 11, 251, 1200, 0.30, 360, '2022-02-05 17:00:00', NULL),
(1192, 6, 252, 9000, 0.30, 2700, '2022-02-05 17:00:00', NULL),
(1193, 12, 252, 2500, 0.80, 2000, '2022-02-05 17:00:00', NULL),
(1194, 25, 252, 700, 1.50, 1050, '2022-02-05 17:00:00', NULL),
(1195, 15, 252, 1000, 0.60, 600, '2022-02-05 17:00:00', NULL),
(1196, 26, 252, 1100, 3.30, 3630, '2022-02-05 17:00:00', NULL),
(1197, 22, 252, 800, 0.40, 320, '2022-02-05 17:00:00', NULL),
(1198, 7, 253, 2000, 1.50, 3000, '2022-02-05 17:00:00', NULL),
(1199, 8, 253, 1000, 0.30, 300, '2022-02-05 17:00:00', NULL),
(1200, 23, 253, 700, 1.00, 700, '2022-02-05 17:00:00', NULL),
(1201, 12, 253, 2500, 0.30, 750, '2022-02-05 17:00:00', NULL),
(1202, 24, 253, 1500, 3.30, 4950, '2022-02-05 17:00:00', NULL),
(1203, 25, 253, 700, 1.70, 1190, '2022-02-05 17:00:00', NULL),
(1204, 15, 253, 1000, 1.30, 1300, '2022-02-05 17:00:00', NULL),
(1205, 26, 253, 1100, 3.40, 3740, '2022-02-05 17:00:00', NULL),
(1206, 17, 253, 400, 0.20, 80, '2022-02-05 17:00:00', NULL),
(1207, 19, 253, 800, 4.20, 3360, '2022-02-05 17:00:00', NULL),
(1208, 7, 254, 2000, 0.30, 600, '2022-02-05 17:00:00', NULL),
(1209, 12, 254, 2500, 1.20, 3000, '2022-02-05 17:00:00', NULL),
(1210, 24, 254, 1500, 1.60, 2400, '2022-02-05 17:00:00', NULL),
(1211, 25, 254, 700, 3.30, 2310, '2022-02-05 17:00:00', NULL),
(1212, 15, 254, 1000, 0.50, 500, '2022-02-05 17:00:00', NULL),
(1213, 26, 254, 1100, 2.00, 2200, '2022-02-05 17:00:00', NULL),
(1214, 27, 254, 2000, 3.10, 6200, '2022-02-05 17:00:00', NULL),
(1215, 17, 254, 400, 0.30, 120, '2022-02-05 17:00:00', NULL),
(1216, 34, 254, 35000, 1.00, 35000, '2022-02-05 17:00:00', NULL),
(1217, 28, 254, 700, 1.50, 1050, '2022-02-05 17:00:00', NULL),
(1218, 11, 254, 1200, 0.30, 360, '2022-02-05 17:00:00', NULL),
(1219, 22, 254, 800, 0.30, 240, '2022-02-05 17:00:00', NULL),
(1220, 7, 255, 2000, 0.30, 600, '2022-02-19 17:00:00', NULL),
(1221, 13, 255, 1500, 0.50, 750, '2022-02-19 17:00:00', NULL),
(1222, 14, 255, 200, 0.90, 180, '2022-02-19 17:00:00', NULL),
(1223, 11, 255, 1200, 0.40, 480, '2022-02-19 17:00:00', NULL),
(1224, 4, 256, 700, 1.00, 700, '2022-02-19 17:00:00', NULL),
(1225, 31, 256, 200, 9.00, 1800, '2022-02-19 17:00:00', NULL),
(1226, 12, 256, 2500, 0.70, 1750, '2022-02-19 17:00:00', NULL),
(1227, 14, 256, 200, 6.70, 1340, '2022-02-19 17:00:00', NULL),
(1228, 15, 256, 1000, 3.30, 3300, '2022-02-19 17:00:00', NULL),
(1229, 12, 257, 2500, 1.90, 4750, '2022-02-19 17:00:00', NULL),
(1230, 15, 257, 1000, 2.10, 2100, '2022-02-19 17:00:00', NULL),
(1231, 11, 257, 1200, 0.20, 240, '2022-02-19 17:00:00', NULL),
(1232, 22, 257, 800, 0.20, 160, '2022-02-19 17:00:00', NULL),
(1233, 13, 258, 1500, 0.70, 1050, '2022-02-19 17:00:00', NULL),
(1234, 25, 258, 700, 0.30, 210, '2022-02-19 17:00:00', NULL),
(1235, 17, 258, 400, 0.20, 80, '2022-02-19 17:00:00', NULL),
(1236, 22, 258, 800, 0.30, 240, '2022-02-19 17:00:00', NULL),
(1237, 10, 258, 700, 0.20, 140, '2022-02-19 17:00:00', NULL),
(1238, 2, 259, 8000, 0.02, 160, '2022-02-19 17:00:00', NULL),
(1239, 13, 259, 1500, 0.30, 450, '2022-02-19 17:00:00', NULL),
(1240, 25, 259, 700, 0.20, 140, '2022-02-19 17:00:00', NULL),
(1241, 15, 259, 1000, 1.40, 1400, '2022-02-19 17:00:00', NULL),
(1242, 26, 259, 1100, 1.00, 1100, '2022-02-19 17:00:00', NULL),
(1243, 22, 259, 800, 0.20, 160, '2022-02-19 17:00:00', NULL),
(1244, 2, 260, 8000, 0.05, 400, '2022-02-19 17:00:00', NULL),
(1245, 4, 260, 700, 1.00, 700, '2022-02-19 17:00:00', NULL),
(1246, 31, 260, 200, 1.00, 200, '2022-02-19 17:00:00', NULL),
(1247, 12, 260, 2500, 1.60, 4000, '2022-02-19 17:00:00', NULL),
(1248, 5, 260, 1500, 0.20, 300, '2022-02-19 17:00:00', NULL),
(1249, 15, 260, 1000, 0.30, 300, '2022-02-19 17:00:00', NULL),
(1250, 13, 261, 1500, 0.20, 300, '2022-02-19 17:00:00', NULL),
(1251, 15, 261, 1000, 0.50, 500, '2022-02-19 17:00:00', NULL),
(1252, 2, 262, 8000, 0.05, 400, '2022-02-19 17:00:00', NULL),
(1253, 13, 262, 1500, 0.60, 900, '2022-02-19 17:00:00', NULL),
(1254, 15, 262, 1000, 0.50, 500, '2022-02-19 17:00:00', NULL),
(1255, 26, 262, 1100, 2.30, 2530, '2022-02-19 17:00:00', NULL),
(1256, 13, 263, 1500, 0.40, 600, '2022-02-19 17:00:00', NULL),
(1257, 21, 263, 25, 0.20, 5, '2022-02-19 17:00:00', NULL),
(1258, 25, 263, 700, 0.50, 350, '2022-02-19 17:00:00', NULL),
(1259, 15, 263, 1000, 0.40, 400, '2022-02-19 17:00:00', NULL),
(1260, 26, 263, 1100, 2.30, 2530, '2022-02-19 17:00:00', NULL),
(1261, 11, 263, 1200, 0.30, 360, '2022-02-19 17:00:00', NULL),
(1262, 22, 263, 800, 0.20, 160, '2022-02-19 17:00:00', NULL),
(1263, 26, 264, 1100, 5.60, 6160, '2022-02-19 17:00:00', NULL),
(1264, 12, 265, 2500, 0.20, 500, '2022-02-19 17:00:00', NULL),
(1265, 24, 265, 1500, 1.60, 2400, '2022-02-19 17:00:00', NULL),
(1266, 25, 265, 700, 0.30, 210, '2022-02-19 17:00:00', NULL),
(1267, 15, 265, 1000, 2.10, 2100, '2022-02-19 17:00:00', NULL),
(1268, 16, 265, 2500, 0.10, 250, '2022-02-19 17:00:00', NULL),
(1269, 17, 265, 400, 0.10, 40, '2022-02-19 17:00:00', NULL),
(1270, 11, 265, 1200, 0.60, 720, '2022-02-19 17:00:00', NULL),
(1271, 22, 265, 800, 0.70, 560, '2022-02-19 17:00:00', NULL),
(1272, 12, 266, 2500, 1.60, 4000, '2022-02-19 17:00:00', NULL),
(1273, 15, 266, 1000, 0.50, 500, '2022-02-19 17:00:00', NULL),
(1274, 7, 267, 2000, 0.30, 600, '2022-02-19 17:00:00', NULL),
(1275, 12, 267, 2500, 0.20, 500, '2022-02-19 17:00:00', NULL),
(1276, 21, 267, 25, 0.40, 10, '2022-02-19 17:00:00', NULL),
(1277, 25, 267, 700, 1.80, 1260, '2022-02-19 17:00:00', NULL),
(1278, 15, 267, 1000, 0.50, 500, '2022-02-19 17:00:00', NULL),
(1279, 16, 267, 2500, 0.20, 500, '2022-02-19 17:00:00', NULL),
(1280, 26, 267, 1100, 0.30, 330, '2022-02-19 17:00:00', NULL),
(1281, 17, 267, 400, 0.10, 40, '2022-02-19 17:00:00', NULL),
(1282, 22, 267, 800, 0.20, 160, '2022-02-19 17:00:00', NULL),
(1283, 13, 268, 1500, 0.40, 600, '2022-02-19 17:00:00', NULL),
(1284, 25, 268, 700, 0.70, 490, '2022-02-19 17:00:00', NULL),
(1285, 15, 268, 1000, 1.60, 1600, '2022-02-19 17:00:00', NULL),
(1286, 26, 268, 1100, 0.40, 440, '2022-02-19 17:00:00', NULL),
(1287, 17, 268, 400, 0.20, 80, '2022-02-19 17:00:00', NULL),
(1288, 11, 268, 1200, 0.70, 840, '2022-02-19 17:00:00', NULL),
(1289, 22, 268, 800, 0.30, 240, '2022-02-19 17:00:00', NULL),
(1290, 2, 269, 8000, 0.09, 720, '2022-02-19 17:00:00', NULL),
(1291, 13, 269, 1500, 0.50, 750, '2022-02-19 17:00:00', NULL),
(1292, 21, 269, 25, 0.50, 13, '2022-02-19 17:00:00', NULL),
(1293, 15, 269, 1000, 0.70, 700, '2022-02-19 17:00:00', NULL),
(1294, 16, 269, 2500, 0.20, 500, '2022-02-19 17:00:00', NULL),
(1295, 26, 269, 1100, 8.20, 9020, '2022-02-19 17:00:00', NULL),
(1296, 17, 269, 400, 0.70, 280, '2022-02-19 17:00:00', NULL),
(1297, 11, 269, 1200, 1.20, 1440, '2022-02-19 17:00:00', NULL),
(1298, 2, 270, 8000, 0.02, 160, '2022-02-19 17:00:00', NULL),
(1299, 12, 270, 2500, 1.10, 2750, '2022-02-19 17:00:00', NULL),
(1300, 14, 270, 200, 0.10, 20, '2022-02-19 17:00:00', NULL),
(1301, 25, 270, 700, 0.20, 140, '2022-02-19 17:00:00', NULL),
(1302, 15, 270, 1000, 0.30, 300, '2022-02-19 17:00:00', NULL),
(1303, 26, 270, 1100, 1.60, 1760, '2022-02-19 17:00:00', NULL),
(1304, 12, 271, 2500, 0.40, 1000, '2022-02-19 17:00:00', NULL),
(1305, 15, 271, 1000, 0.50, 500, '2022-02-19 17:00:00', NULL),
(1306, 12, 272, 2500, 0.30, 750, '2022-02-19 17:00:00', NULL),
(1307, 14, 272, 200, 0.20, 40, '2022-02-19 17:00:00', NULL),
(1308, 15, 272, 1000, 1.00, 1000, '2022-02-19 17:00:00', NULL),
(1309, 26, 272, 1100, 2.40, 2640, '2022-02-19 17:00:00', NULL),
(1310, 2, 273, 8000, 0.03, 240, '2022-02-19 17:00:00', NULL),
(1311, 12, 273, 2500, 0.90, 2250, '2022-02-19 17:00:00', NULL),
(1312, 15, 273, 1000, 0.60, 600, '2022-02-19 17:00:00', NULL),
(1313, 26, 273, 1100, 1.20, 1320, '2022-02-19 17:00:00', NULL),
(1314, 12, 274, 2500, 0.80, 2000, '2022-02-19 17:00:00', NULL),
(1315, 14, 274, 200, 0.30, 60, '2022-02-19 17:00:00', NULL),
(1316, 15, 274, 1000, 1.10, 1100, '2022-02-19 17:00:00', NULL),
(1317, 2, 275, 8000, 0.02, 160, '2022-02-19 17:00:00', NULL),
(1318, 15, 275, 1000, 0.50, 500, '2022-02-19 17:00:00', NULL),
(1319, 26, 275, 1100, 1.60, 1760, '2022-02-19 17:00:00', NULL),
(1320, 12, 276, 2500, 0.40, 1000, '2022-02-19 17:00:00', NULL),
(1321, 13, 276, 1500, 0.30, 450, '2022-02-19 17:00:00', NULL),
(1322, 15, 276, 1000, 0.50, 500, '2022-02-19 17:00:00', NULL),
(1323, 26, 276, 1100, 0.30, 330, '2022-02-19 17:00:00', NULL),
(1324, 12, 277, 2500, 0.90, 2250, '2022-02-19 17:00:00', NULL),
(1325, 15, 277, 1000, 0.30, 300, '2022-02-19 17:00:00', NULL),
(1326, 26, 277, 1100, 1.00, 1100, '2022-02-19 17:00:00', NULL),
(1327, 2, 278, 8000, 0.03, 240, '2022-02-19 17:00:00', NULL),
(1328, 12, 278, 2500, 0.50, 1250, '2022-02-19 17:00:00', NULL),
(1329, 15, 278, 1000, 0.60, 600, '2022-02-19 17:00:00', NULL),
(1330, 26, 278, 1100, 0.80, 880, '2022-02-19 17:00:00', NULL),
(1331, 17, 278, 400, 0.30, 120, '2022-02-19 17:00:00', NULL),
(1332, 22, 278, 800, 0.20, 160, '2022-02-19 17:00:00', NULL),
(1333, 12, 279, 2500, 0.40, 1000, '2022-02-19 17:00:00', NULL),
(1334, 15, 279, 1000, 0.70, 700, '2022-02-19 17:00:00', NULL),
(1335, 17, 279, 400, 0.40, 160, '2022-02-19 17:00:00', NULL),
(1336, 22, 279, 800, 0.20, 160, '2022-02-19 17:00:00', NULL),
(1337, 2, 280, 8000, 0.02, 160, '2022-03-05 17:00:00', NULL),
(1338, 7, 280, 2000, 0.20, 400, '2022-03-05 17:00:00', NULL),
(1339, 12, 280, 2500, 0.40, 1000, '2022-03-05 17:00:00', NULL),
(1340, 14, 280, 200, 0.40, 80, '2022-03-05 17:00:00', NULL),
(1341, 21, 280, 25, 0.30, 8, '2022-03-05 17:00:00', NULL),
(1342, 24, 280, 1500, 0.50, 750, '2022-03-05 17:00:00', NULL),
(1343, 25, 280, 700, 0.90, 630, '2022-03-05 17:00:00', NULL),
(1344, 15, 280, 1000, 1.00, 1000, '2022-03-05 17:00:00', NULL),
(1345, 26, 280, 1100, 0.60, 660, '2022-03-05 17:00:00', NULL),
(1346, 17, 280, 400, 0.20, 80, '2022-03-05 17:00:00', NULL),
(1347, 11, 280, 1200, 0.30, 360, '2022-03-05 17:00:00', NULL),
(1348, 22, 280, 800, 0.30, 240, '2022-03-05 17:00:00', NULL),
(1349, 12, 281, 2500, 0.40, 1000, '2022-03-05 17:00:00', NULL),
(1350, 24, 281, 1500, 6.00, 9000, '2022-03-05 17:00:00', NULL),
(1351, 25, 281, 700, 1.70, 1190, '2022-03-05 17:00:00', NULL),
(1352, 15, 281, 1000, 1.40, 1400, '2022-03-05 17:00:00', NULL),
(1353, 26, 281, 1100, 1.00, 1100, '2022-03-05 17:00:00', NULL),
(1354, 27, 281, 2000, 2.00, 4000, '2022-03-05 17:00:00', NULL),
(1355, 17, 281, 400, 0.40, 160, '2022-03-05 17:00:00', NULL),
(1356, 22, 281, 800, 0.70, 560, '2022-03-05 17:00:00', NULL),
(1357, 25, 282, 700, 0.50, 350, '2022-03-05 17:00:00', NULL),
(1358, 15, 282, 1000, 0.30, 300, '2022-03-05 17:00:00', NULL),
(1359, 17, 282, 400, 0.20, 80, '2022-03-05 17:00:00', NULL),
(1360, 35, 282, 1000, 2.50, 2500, '2022-03-05 17:00:00', NULL),
(1361, 22, 282, 800, 0.30, 240, '2022-03-05 17:00:00', NULL),
(1362, 13, 283, 1500, 0.30, 450, '2022-03-05 17:00:00', NULL),
(1363, 24, 283, 1500, 0.50, 750, '2022-03-05 17:00:00', NULL),
(1364, 15, 283, 1000, 0.60, 600, '2022-03-05 17:00:00', NULL),
(1365, 2, 284, 8000, 0.03, 240, '2022-03-05 17:00:00', NULL),
(1366, 8, 284, 1000, 1.10, 1100, '2022-03-05 17:00:00', NULL),
(1367, 12, 284, 2500, 2.20, 5500, '2022-03-05 17:00:00', NULL),
(1368, 15, 284, 1000, 0.80, 800, '2022-03-05 17:00:00', NULL),
(1369, 26, 284, 1100, 0.40, 440, '2022-03-05 17:00:00', NULL),
(1370, 11, 284, 1200, 0.20, 240, '2022-03-05 17:00:00', NULL),
(1371, 2, 285, 8000, 0.06, 480, '2022-03-05 17:00:00', NULL),
(1372, 4, 285, 700, 1.00, 700, '2022-03-05 17:00:00', NULL),
(1373, 13, 285, 1500, 1.10, 1650, '2022-03-05 17:00:00', NULL),
(1374, 14, 285, 200, 0.20, 40, '2022-03-05 17:00:00', NULL),
(1375, 15, 285, 1000, 0.10, 100, '2022-03-05 17:00:00', NULL),
(1376, 13, 286, 1500, 1.60, 2400, '2022-03-05 17:00:00', NULL),
(1377, 14, 286, 200, 1.60, 320, '2022-03-05 17:00:00', NULL),
(1378, 21, 286, 25, 0.40, 10, '2022-03-05 17:00:00', NULL),
(1379, 25, 286, 700, 0.50, 350, '2022-03-05 17:00:00', NULL),
(1380, 22, 286, 800, 0.30, 240, '2022-03-05 17:00:00', NULL),
(1381, 13, 287, 1500, 0.30, 450, '2022-03-05 17:00:00', NULL),
(1382, 21, 287, 25, 0.90, 23, '2022-03-05 17:00:00', NULL),
(1383, 25, 287, 700, 0.20, 140, '2022-03-05 17:00:00', NULL),
(1384, 15, 287, 1000, 0.30, 300, '2022-03-05 17:00:00', NULL),
(1385, 11, 287, 1200, 0.20, 240, '2022-03-05 17:00:00', NULL),
(1386, 22, 287, 800, 0.20, 160, '2022-03-05 17:00:00', NULL);
INSERT INTO `sampahs` (`id`, `id_jenis`, `id_transaksi`, `harga`, `jumlah`, `total`, `created_at`, `updated_at`) VALUES
(1387, 12, 288, 2500, 1.20, 3000, '2022-03-05 17:00:00', NULL),
(1388, 24, 288, 1500, 12.40, 18600, '2022-03-05 17:00:00', NULL),
(1389, 25, 288, 700, 0.30, 210, '2022-03-05 17:00:00', NULL),
(1390, 26, 288, 1100, 3.90, 4290, '2022-03-05 17:00:00', NULL),
(1391, 11, 288, 1200, 2.70, 3240, '2022-03-05 17:00:00', NULL),
(1392, 12, 289, 2500, 4.30, 10750, '2022-03-05 17:00:00', NULL),
(1393, 25, 289, 700, 0.80, 560, '2022-03-05 17:00:00', NULL),
(1394, 15, 289, 1000, 2.80, 2800, '2022-03-05 17:00:00', NULL),
(1395, 26, 289, 1100, 8.60, 9460, '2022-03-05 17:00:00', NULL),
(1396, 11, 289, 1200, 0.10, 120, '2022-03-05 17:00:00', NULL),
(1397, 17, 289, 400, 0.20, 80, '2022-03-05 17:00:00', NULL),
(1398, 7, 290, 2000, 0.60, 1200, '2022-03-05 17:00:00', NULL),
(1399, 12, 290, 2500, 0.30, 750, '2022-03-05 17:00:00', NULL),
(1400, 13, 290, 1500, 0.50, 750, '2022-03-05 17:00:00', NULL),
(1401, 24, 290, 1500, 6.40, 9600, '2022-03-05 17:00:00', NULL),
(1402, 15, 290, 1000, 1.10, 1100, '2022-03-05 17:00:00', NULL),
(1403, 26, 290, 1100, 2.00, 2200, '2022-03-05 17:00:00', NULL),
(1404, 2, 291, 8000, 0.06, 480, '2022-03-05 17:00:00', NULL),
(1405, 14, 291, 200, 0.60, 120, '2022-03-05 17:00:00', NULL),
(1406, 15, 291, 1000, 1.10, 1100, '2022-03-05 17:00:00', NULL),
(1407, 26, 291, 1100, 5.60, 6160, '2022-03-05 17:00:00', NULL),
(1408, 28, 291, 700, 4.00, 2800, '2022-03-05 17:00:00', NULL),
(1409, 10, 291, 700, 2.00, 1400, '2022-03-05 17:00:00', NULL),
(1410, 2, 292, 8000, 0.04, 320, '2022-03-05 17:00:00', NULL),
(1411, 13, 292, 1500, 2.00, 3000, '2022-03-05 17:00:00', NULL),
(1412, 15, 292, 1000, 0.50, 500, '2022-03-05 17:00:00', NULL),
(1413, 17, 292, 400, 0.30, 120, '2022-03-05 17:00:00', NULL),
(1414, 11, 292, 1200, 0.50, 600, '2022-03-05 17:00:00', NULL),
(1415, 13, 293, 1500, 0.50, 750, '2022-03-05 17:00:00', NULL),
(1416, 21, 293, 25, 1.40, 35, '2022-03-05 17:00:00', NULL),
(1417, 12, 294, 2500, 2.20, 5500, '2022-03-05 17:00:00', NULL),
(1418, 15, 294, 1000, 0.80, 800, '2022-03-05 17:00:00', NULL),
(1419, 17, 294, 400, 0.10, 40, '2022-03-05 17:00:00', NULL),
(1420, 22, 294, 800, 0.20, 160, '2022-03-05 17:00:00', NULL),
(1421, 2, 295, 8000, 0.04, 320, '2022-03-05 17:00:00', NULL),
(1422, 14, 295, 200, 0.10, 20, '2022-03-05 17:00:00', NULL),
(1423, 25, 295, 700, 0.50, 350, '2022-03-05 17:00:00', NULL),
(1424, 15, 295, 1000, 1.40, 1400, '2022-03-05 17:00:00', NULL),
(1425, 26, 295, 1100, 0.40, 440, '2022-03-05 17:00:00', NULL),
(1426, 11, 295, 1200, 0.20, 240, '2022-03-05 17:00:00', NULL),
(1427, 17, 296, 400, 1.60, 640, '2022-03-05 17:00:00', NULL),
(1428, 24, 297, 1500, 10.50, 15750, '2022-03-05 17:00:00', NULL),
(1429, 25, 298, 700, 1.20, 840, '2022-03-05 17:00:00', NULL),
(1430, 22, 298, 800, 1.20, 960, '2022-03-05 17:00:00', NULL),
(1431, 13, 299, 1500, 0.90, 1350, '2022-03-05 17:00:00', NULL),
(1432, 21, 300, 25, 3.60, 90, '2022-03-05 17:00:00', NULL),
(1433, 17, 300, 400, 1.10, 440, '2022-03-05 17:00:00', NULL),
(1434, 2, 301, 8000, 0.02, 160, '2022-03-05 17:00:00', NULL),
(1435, 12, 301, 2500, 0.80, 2000, '2022-03-05 17:00:00', NULL),
(1436, 21, 301, 25, 0.20, 5, '2022-03-05 17:00:00', NULL),
(1437, 25, 301, 700, 0.20, 140, '2022-03-05 17:00:00', NULL),
(1438, 15, 301, 1000, 0.40, 400, '2022-03-05 17:00:00', NULL),
(1439, 26, 301, 1100, 1.80, 1980, '2022-03-05 17:00:00', NULL),
(1440, 17, 301, 400, 0.20, 80, '2022-03-05 17:00:00', NULL),
(1441, 11, 301, 1200, 0.20, 240, '2022-03-05 17:00:00', NULL),
(1442, 22, 301, 800, 0.30, 240, '2022-03-05 17:00:00', NULL),
(1443, 12, 302, 2500, 0.40, 1000, '2022-03-05 17:00:00', NULL),
(1444, 15, 302, 1000, 0.60, 600, '2022-03-05 17:00:00', NULL),
(1445, 26, 302, 1100, 0.30, 330, '2022-03-05 17:00:00', NULL),
(1446, 35, 302, 1000, 8.00, 8000, '2022-03-05 17:00:00', NULL),
(1447, 2, 303, 8000, 0.02, 160, '2022-03-05 17:00:00', NULL),
(1448, 12, 303, 2500, 0.70, 1750, '2022-03-05 17:00:00', NULL),
(1449, 15, 303, 1000, 1.50, 1500, '2022-03-05 17:00:00', NULL),
(1450, 16, 303, 2500, 0.30, 750, '2022-03-05 17:00:00', NULL),
(1451, 26, 303, 1100, 1.00, 1100, '2022-03-05 17:00:00', NULL),
(1452, 17, 303, 400, 0.30, 120, '2022-03-05 17:00:00', NULL),
(1453, 35, 303, 1000, 10.60, 10600, '2022-03-05 17:00:00', NULL),
(1454, 12, 304, 2500, 0.30, 750, '2022-03-05 17:00:00', NULL),
(1455, 15, 304, 1000, 0.40, 400, '2022-03-05 17:00:00', NULL),
(1456, 26, 304, 1100, 0.30, 330, '2022-03-05 17:00:00', NULL),
(1457, 11, 304, 1200, 0.20, 240, '2022-03-05 17:00:00', NULL),
(1458, 12, 305, 2500, 0.60, 1500, '2022-03-05 17:00:00', NULL),
(1459, 22, 305, 800, 0.40, 320, '2022-03-05 17:00:00', NULL),
(1460, 12, 306, 2500, 0.20, 500, '2022-03-05 17:00:00', NULL),
(1461, 14, 306, 200, 0.50, 100, '2022-03-05 17:00:00', NULL),
(1462, 15, 306, 1000, 0.50, 500, '2022-03-05 17:00:00', NULL),
(1463, 22, 306, 800, 0.50, 400, '2022-03-05 17:00:00', NULL),
(1464, 14, 307, 200, 0.30, 60, '2022-03-05 17:00:00', NULL),
(1465, 15, 307, 1000, 0.60, 600, '2022-03-05 17:00:00', NULL),
(1466, 17, 307, 400, 0.30, 120, '2022-03-05 17:00:00', NULL),
(1467, 12, 308, 2500, 0.30, 750, '2022-03-05 17:00:00', NULL),
(1468, 21, 308, 25, 0.20, 5, '2022-03-05 17:00:00', NULL),
(1469, 25, 308, 700, 0.50, 350, '2022-03-05 17:00:00', NULL),
(1470, 15, 308, 1000, 0.30, 300, '2022-03-05 17:00:00', NULL),
(1471, 6, 309, 9000, 0.10, 900, '2022-03-05 17:00:00', NULL),
(1472, 24, 309, 1500, 0.20, 300, '2022-03-05 17:00:00', NULL),
(1473, 15, 309, 1000, 0.80, 800, '2022-03-05 17:00:00', NULL),
(1474, 26, 309, 1100, 0.30, 330, '2022-03-05 17:00:00', NULL),
(1475, 2, 310, 8000, 0.01, 80, '2022-03-05 17:00:00', NULL),
(1476, 12, 310, 2500, 0.60, 1500, '2022-03-05 17:00:00', NULL),
(1477, 14, 310, 200, 0.30, 60, '2022-03-05 17:00:00', NULL),
(1478, 24, 310, 1500, 0.30, 450, '2022-03-05 17:00:00', NULL),
(1479, 15, 310, 1000, 0.50, 500, '2022-03-05 17:00:00', NULL),
(1480, 11, 310, 1200, 0.20, 240, '2022-03-05 17:00:00', NULL),
(1481, 22, 310, 800, 0.20, 160, '2022-03-05 17:00:00', NULL),
(1482, 12, 311, 2500, 0.20, 500, '2022-03-19 17:00:00', NULL),
(1483, 14, 311, 200, 0.20, 40, '2022-03-19 17:00:00', NULL),
(1484, 21, 311, 25, 0.20, 5, '2022-03-19 17:00:00', NULL),
(1485, 25, 311, 700, 0.50, 350, '2022-03-19 17:00:00', NULL),
(1486, 15, 311, 1000, 0.40, 400, '2022-03-19 17:00:00', NULL),
(1487, 26, 311, 1100, 0.30, 330, '2022-03-19 17:00:00', NULL),
(1488, 22, 311, 800, 0.20, 160, '2022-03-19 17:00:00', NULL),
(1489, 12, 312, 2500, 0.30, 750, '2022-03-19 17:00:00', NULL),
(1490, 14, 312, 200, 0.50, 100, '2022-03-19 17:00:00', NULL),
(1491, 24, 312, 1500, 2.40, 3600, '2022-03-19 17:00:00', NULL),
(1492, 25, 312, 700, 0.50, 350, '2022-03-19 17:00:00', NULL),
(1493, 15, 312, 1000, 0.20, 200, '2022-03-19 17:00:00', NULL),
(1494, 17, 312, 400, 0.20, 80, '2022-03-19 17:00:00', NULL),
(1495, 11, 312, 1200, 0.20, 240, '2022-03-19 17:00:00', NULL),
(1496, 22, 312, 800, 0.40, 320, '2022-03-19 17:00:00', NULL),
(1497, 2, 313, 8000, 0.03, 240, '2022-03-19 17:00:00', NULL),
(1498, 12, 313, 2500, 0.90, 2250, '2022-03-19 17:00:00', NULL),
(1499, 14, 313, 200, 0.20, 40, '2022-03-19 17:00:00', NULL),
(1500, 25, 313, 700, 0.30, 210, '2022-03-19 17:00:00', NULL),
(1501, 15, 313, 1000, 0.50, 500, '2022-03-19 17:00:00', NULL),
(1502, 26, 313, 1100, 1.50, 1650, '2022-03-19 17:00:00', NULL),
(1503, 22, 313, 800, 0.20, 160, '2022-03-19 17:00:00', NULL),
(1504, 2, 314, 8000, 0.02, 160, '2022-03-19 17:00:00', NULL),
(1505, 12, 314, 2500, 1.10, 2750, '2022-03-19 17:00:00', NULL),
(1506, 15, 314, 1000, 0.60, 600, '2022-03-19 17:00:00', NULL),
(1507, 16, 314, 2500, 0.20, 500, '2022-03-19 17:00:00', NULL),
(1508, 2, 315, 8000, 0.02, 160, '2022-03-19 17:00:00', NULL),
(1509, 6, 315, 9000, 0.30, 2700, '2022-03-19 17:00:00', NULL),
(1510, 7, 315, 2000, 0.20, 400, '2022-03-19 17:00:00', NULL),
(1511, 12, 315, 2500, 1.00, 2500, '2022-03-19 17:00:00', NULL),
(1512, 15, 315, 1000, 0.50, 500, '2022-03-19 17:00:00', NULL),
(1513, 26, 315, 1100, 0.60, 660, '2022-03-19 17:00:00', NULL),
(1514, 11, 315, 1200, 0.20, 240, '2022-03-19 17:00:00', NULL),
(1515, 6, 316, 9000, 0.40, 3600, '2022-03-19 17:00:00', NULL),
(1516, 12, 316, 2500, 1.00, 2500, '2022-03-19 17:00:00', NULL),
(1517, 15, 316, 1000, 0.70, 700, '2022-03-19 17:00:00', NULL),
(1518, 26, 316, 1100, 1.20, 1320, '2022-03-19 17:00:00', NULL),
(1519, 12, 317, 2500, 1.30, 3250, '2022-03-19 17:00:00', NULL),
(1520, 25, 317, 700, 0.30, 210, '2022-03-19 17:00:00', NULL),
(1521, 15, 317, 1000, 0.40, 400, '2022-03-19 17:00:00', NULL),
(1522, 26, 317, 1100, 1.70, 1870, '2022-03-19 17:00:00', NULL),
(1523, 22, 317, 800, 0.20, 160, '2022-03-19 17:00:00', NULL),
(1524, 2, 318, 8000, 0.03, 240, '2022-03-19 17:00:00', NULL),
(1525, 12, 318, 2500, 0.60, 1500, '2022-03-19 17:00:00', NULL),
(1526, 14, 318, 200, 0.10, 20, '2022-03-19 17:00:00', NULL),
(1527, 15, 318, 1000, 0.50, 500, '2022-03-19 17:00:00', NULL),
(1528, 11, 318, 1200, 0.40, 480, '2022-03-19 17:00:00', NULL),
(1529, 12, 319, 2500, 0.40, 1000, '2022-03-19 17:00:00', NULL),
(1530, 15, 319, 1000, 0.50, 500, '2022-03-19 17:00:00', NULL),
(1531, 26, 319, 1100, 0.50, 550, '2022-03-19 17:00:00', NULL),
(1532, 22, 319, 800, 0.50, 400, '2022-03-19 17:00:00', NULL),
(1533, 13, 320, 1500, 0.30, 450, '2022-03-19 17:00:00', NULL),
(1534, 15, 320, 1000, 0.60, 600, '2022-03-19 17:00:00', NULL),
(1535, 26, 320, 1100, 0.50, 550, '2022-03-19 17:00:00', NULL),
(1536, 17, 320, 400, 0.50, 200, '2022-03-19 17:00:00', NULL),
(1537, 12, 321, 2500, 0.70, 1750, '2022-03-19 17:00:00', NULL),
(1538, 14, 321, 200, 0.10, 20, '2022-03-19 17:00:00', NULL),
(1539, 15, 321, 1000, 0.60, 600, '2022-03-19 17:00:00', NULL),
(1540, 26, 321, 1100, 0.50, 550, '2022-03-19 17:00:00', NULL),
(1541, 2, 322, 8000, 0.02, 160, '2022-03-19 17:00:00', NULL),
(1542, 12, 322, 2500, 0.60, 1500, '2022-03-19 17:00:00', NULL),
(1543, 14, 322, 200, 0.20, 40, '2022-03-19 17:00:00', NULL),
(1544, 22, 322, 800, 0.10, 80, '2022-03-19 17:00:00', NULL),
(1545, 12, 323, 2500, 1.10, 2750, '2022-03-19 17:00:00', NULL),
(1546, 15, 323, 1000, 0.50, 500, '2022-03-19 17:00:00', NULL),
(1547, 26, 323, 1100, 0.90, 990, '2022-03-19 17:00:00', NULL),
(1548, 17, 323, 400, 0.30, 120, '2022-03-19 17:00:00', NULL),
(1549, 14, 324, 200, 1.70, 340, '2022-03-19 17:00:00', NULL),
(1550, 21, 324, 25, 0.20, 5, '2022-03-19 17:00:00', NULL),
(1551, 15, 324, 1000, 3.60, 3600, '2022-03-19 17:00:00', NULL),
(1552, 16, 324, 2500, 1.20, 3000, '2022-03-19 17:00:00', NULL),
(1553, 26, 324, 1100, 8.00, 8800, '2022-03-19 17:00:00', NULL),
(1554, 25, 325, 700, 0.80, 560, '2022-03-19 17:00:00', NULL),
(1555, 15, 325, 1000, 3.20, 3200, '2022-03-19 17:00:00', NULL),
(1556, 11, 325, 1200, 0.40, 480, '2022-03-19 17:00:00', NULL),
(1557, 13, 326, 1500, 1.20, 1800, '2022-03-19 17:00:00', NULL),
(1558, 14, 326, 200, 0.30, 60, '2022-03-19 17:00:00', NULL),
(1559, 21, 326, 25, 0.20, 5, '2022-03-19 17:00:00', NULL),
(1560, 15, 326, 1000, 0.70, 700, '2022-03-19 17:00:00', NULL),
(1561, 11, 326, 1200, 0.20, 240, '2022-03-19 17:00:00', NULL),
(1562, 22, 326, 800, 0.20, 160, '2022-03-19 17:00:00', NULL),
(1563, 25, 326, 700, 0.20, 140, '2022-03-19 17:00:00', NULL),
(1564, 2, 327, 8000, 0.23, 1840, '2022-03-19 17:00:00', NULL),
(1565, 13, 327, 1500, 2.20, 3300, '2022-03-19 17:00:00', NULL),
(1566, 14, 327, 200, 0.70, 140, '2022-03-19 17:00:00', NULL),
(1567, 21, 327, 25, 1.20, 30, '2022-03-19 17:00:00', NULL),
(1568, 15, 327, 1000, 0.60, 600, '2022-03-19 17:00:00', NULL),
(1569, 26, 327, 1100, 4.30, 4730, '2022-03-19 17:00:00', NULL),
(1570, 22, 327, 800, 0.50, 400, '2022-03-19 17:00:00', NULL),
(1571, 12, 328, 2500, 0.20, 500, '2022-03-19 17:00:00', NULL),
(1572, 14, 328, 200, 0.60, 120, '2022-03-19 17:00:00', NULL),
(1573, 15, 328, 1000, 0.30, 300, '2022-03-19 17:00:00', NULL),
(1574, 17, 328, 400, 0.20, 80, '2022-03-19 17:00:00', NULL),
(1575, 11, 328, 1200, 0.20, 240, '2022-03-19 17:00:00', NULL),
(1576, 22, 328, 800, 0.20, 160, '2022-03-19 17:00:00', NULL),
(1577, 13, 329, 1500, 0.90, 1350, '2022-03-19 17:00:00', NULL),
(1578, 14, 329, 200, 1.40, 280, '2022-03-19 17:00:00', NULL),
(1579, 25, 329, 700, 0.50, 350, '2022-03-19 17:00:00', NULL),
(1580, 15, 329, 1000, 1.00, 1000, '2022-03-19 17:00:00', NULL),
(1581, 11, 329, 1200, 0.70, 840, '2022-03-19 17:00:00', NULL),
(1582, 13, 330, 1500, 2.80, 4200, '2022-03-19 17:00:00', NULL),
(1583, 13, 331, 1500, 0.80, 1200, '2022-03-19 17:00:00', NULL),
(1584, 14, 331, 200, 0.20, 40, '2022-03-19 17:00:00', NULL),
(1585, 15, 331, 1000, 1.00, 1000, '2022-03-19 17:00:00', NULL),
(1586, 11, 331, 1200, 0.10, 120, '2022-03-19 17:00:00', NULL),
(1587, 12, 332, 2500, 0.30, 750, '2022-03-19 17:00:00', NULL),
(1588, 25, 332, 700, 2.30, 1610, '2022-03-19 17:00:00', NULL),
(1589, 15, 332, 1000, 3.90, 3900, '2022-03-19 17:00:00', NULL),
(1590, 26, 332, 1100, 5.10, 5610, '2022-03-19 17:00:00', NULL),
(1591, 11, 332, 1200, 3.70, 4440, '2022-03-19 17:00:00', NULL),
(1592, 6, 333, 9000, 1.00, 9000, '2022-03-19 17:00:00', NULL),
(1593, 13, 333, 1500, 0.60, 900, '2022-03-19 17:00:00', NULL),
(1594, 14, 333, 200, 0.10, 20, '2022-03-19 17:00:00', NULL),
(1595, 25, 333, 700, 1.40, 980, '2022-03-19 17:00:00', NULL),
(1596, 15, 333, 1000, 0.30, 300, '2022-03-19 17:00:00', NULL),
(1597, 26, 333, 1100, 1.20, 1320, '2022-03-19 17:00:00', NULL),
(1598, 17, 333, 400, 0.20, 80, '2022-03-19 17:00:00', NULL),
(1599, 11, 333, 1200, 0.20, 240, '2022-03-19 17:00:00', NULL),
(1600, 2, 334, 8000, 0.05, 400, '2022-03-19 17:00:00', NULL),
(1601, 23, 334, 700, 0.40, 280, '2022-03-19 17:00:00', NULL),
(1602, 14, 334, 200, 0.60, 120, '2022-03-19 17:00:00', NULL),
(1603, 21, 334, 25, 0.60, 15, '2022-03-19 17:00:00', NULL),
(1604, 24, 334, 1500, 2.50, 3750, '2022-03-19 17:00:00', NULL),
(1605, 25, 334, 700, 1.50, 1050, '2022-03-19 17:00:00', NULL),
(1606, 15, 334, 1000, 0.50, 500, '2022-03-19 17:00:00', NULL),
(1607, 29, 334, 800, 0.90, 720, '2022-03-19 17:00:00', NULL),
(1608, 28, 334, 700, 1.00, 700, '2022-03-19 17:00:00', NULL),
(1609, 17, 335, 400, 0.70, 280, '2022-03-19 17:00:00', NULL),
(1610, 7, 336, 2000, 0.90, 1800, '2022-04-02 17:00:00', NULL),
(1611, 12, 336, 2500, 0.10, 250, '2022-04-02 17:00:00', NULL),
(1612, 14, 336, 200, 0.20, 40, '2022-04-02 17:00:00', NULL),
(1613, 25, 336, 700, 1.40, 980, '2022-04-02 17:00:00', NULL),
(1614, 15, 336, 1000, 0.50, 500, '2022-04-02 17:00:00', NULL),
(1615, 22, 336, 800, 0.30, 240, '2022-04-02 17:00:00', NULL),
(1616, 12, 337, 2500, 0.30, 750, '2022-04-02 17:00:00', NULL),
(1617, 25, 337, 700, 0.40, 280, '2022-04-02 17:00:00', NULL),
(1618, 15, 337, 1000, 4.20, 4200, '2022-04-02 17:00:00', NULL),
(1619, 16, 337, 2500, 0.30, 750, '2022-04-02 17:00:00', NULL),
(1620, 26, 337, 1100, 3.70, 4070, '2022-04-02 17:00:00', NULL),
(1621, 17, 337, 400, 1.00, 400, '2022-04-02 17:00:00', NULL),
(1622, 11, 337, 1200, 0.30, 360, '2022-04-02 17:00:00', NULL),
(1623, 19, 337, 800, 0.30, 240, '2022-04-02 17:00:00', NULL),
(1624, 22, 337, 800, 1.10, 880, '2022-04-02 17:00:00', NULL),
(1625, 32, 337, 200, 0.20, 40, '2022-04-02 17:00:00', NULL),
(1626, 25, 338, 700, 0.70, 490, '2022-04-02 17:00:00', NULL),
(1627, 15, 338, 1000, 0.50, 500, '2022-04-02 17:00:00', NULL),
(1628, 17, 338, 400, 0.50, 200, '2022-04-02 17:00:00', NULL),
(1629, 12, 339, 2500, 0.80, 2000, '2022-04-02 17:00:00', NULL),
(1630, 15, 339, 1000, 0.30, 300, '2022-04-02 17:00:00', NULL),
(1631, 2, 340, 8000, 0.01, 80, '2022-04-02 17:00:00', NULL),
(1632, 14, 340, 200, 0.70, 140, '2022-04-02 17:00:00', NULL),
(1633, 15, 340, 1000, 0.30, 300, '2022-04-02 17:00:00', NULL),
(1634, 7, 341, 2000, 14.00, 28000, '2022-04-02 17:00:00', NULL),
(1635, 25, 341, 700, 0.60, 420, '2022-04-02 17:00:00', NULL),
(1636, 15, 341, 1000, 1.30, 1300, '2022-04-02 17:00:00', NULL),
(1637, 26, 341, 1100, 0.70, 770, '2022-04-02 17:00:00', NULL),
(1638, 29, 341, 800, 3.20, 2560, '2022-04-02 17:00:00', NULL),
(1639, 19, 341, 800, 0.90, 720, '2022-04-02 17:00:00', NULL),
(1640, 2, 342, 8000, 0.03, 240, '2022-04-02 17:00:00', NULL),
(1641, 13, 342, 1500, 0.90, 1350, '2022-04-02 17:00:00', NULL),
(1642, 11, 342, 1200, 0.20, 240, '2022-04-02 17:00:00', NULL),
(1643, 12, 343, 2500, 3.40, 8500, '2022-04-02 17:00:00', NULL),
(1644, 24, 343, 1500, 1.00, 1500, '2022-04-02 17:00:00', NULL),
(1645, 25, 343, 700, 4.60, 3220, '2022-04-02 17:00:00', NULL),
(1646, 15, 343, 1000, 4.90, 4900, '2022-04-02 17:00:00', NULL),
(1647, 26, 343, 1100, 3.70, 4070, '2022-04-02 17:00:00', NULL),
(1648, 11, 343, 1200, 1.10, 1320, '2022-04-02 17:00:00', NULL),
(1649, 22, 343, 800, 1.50, 1200, '2022-04-02 17:00:00', NULL),
(1650, 13, 344, 1500, 0.80, 1200, '2022-04-02 17:00:00', NULL),
(1651, 25, 344, 700, 1.20, 840, '2022-04-02 17:00:00', NULL),
(1652, 15, 344, 1000, 0.70, 700, '2022-04-02 17:00:00', NULL),
(1653, 26, 344, 1100, 0.90, 990, '2022-04-02 17:00:00', NULL),
(1654, 17, 344, 400, 0.30, 120, '2022-04-02 17:00:00', NULL),
(1655, 11, 344, 1200, 0.20, 240, '2022-04-02 17:00:00', NULL),
(1656, 22, 344, 800, 0.60, 480, '2022-04-02 17:00:00', NULL),
(1657, 26, 345, 1100, 37.70, 41470, '2022-04-02 17:00:00', NULL),
(1663, 6, 347, 9000, 1.40, 12600, '2022-04-02 17:00:00', NULL),
(1664, 7, 347, 2000, 1.30, 2600, '2022-04-02 17:00:00', NULL),
(1665, 8, 347, 1000, 0.30, 300, '2022-04-02 17:00:00', NULL),
(1666, 12, 347, 2500, 0.10, 250, '2022-04-02 17:00:00', NULL),
(1667, 24, 347, 1500, 1.10, 1650, '2022-04-02 17:00:00', NULL),
(1668, 25, 347, 700, 2.70, 1890, '2022-04-02 17:00:00', NULL),
(1669, 15, 347, 1000, 1.70, 1700, '2022-04-02 17:00:00', NULL),
(1670, 17, 347, 400, 0.10, 40, '2022-04-02 17:00:00', NULL),
(1671, 28, 347, 700, 0.30, 210, '2022-04-02 17:00:00', NULL),
(1672, 11, 347, 1200, 0.30, 360, '2022-04-02 17:00:00', NULL),
(1673, 22, 347, 800, 0.10, 80, '2022-04-02 17:00:00', NULL),
(1674, 8, 348, 1000, 0.60, 600, '2022-04-02 17:00:00', NULL),
(1675, 14, 348, 200, 1.50, 300, '2022-04-02 17:00:00', NULL),
(1676, 24, 348, 1500, 1.80, 2700, '2022-04-02 17:00:00', NULL),
(1677, 15, 348, 1000, 3.60, 3600, '2022-04-02 17:00:00', NULL),
(1678, 26, 348, 1100, 6.80, 7480, '2022-04-02 17:00:00', NULL),
(1679, 30, 348, 800, 2.10, 1680, '2022-04-02 17:00:00', NULL),
(1680, 2, 349, 8000, 0.01, 80, '2022-04-02 17:00:00', NULL),
(1681, 7, 349, 2000, 5.00, 10000, '2022-04-02 17:00:00', NULL),
(1682, 13, 349, 1500, 0.90, 1350, '2022-04-02 17:00:00', NULL),
(1683, 15, 349, 1000, 0.30, 300, '2022-04-02 17:00:00', NULL),
(1684, 26, 349, 1100, 0.50, 550, '2022-04-02 17:00:00', NULL),
(1685, 22, 349, 800, 0.30, 240, '2022-04-02 17:00:00', NULL),
(1686, 2, 350, 8000, 0.02, 160, '2022-04-02 17:00:00', NULL),
(1687, 13, 350, 1500, 0.50, 750, '2022-04-02 17:00:00', NULL),
(1688, 14, 350, 200, 0.30, 60, '2022-04-02 17:00:00', NULL),
(1689, 21, 350, 25, 0.80, 20, '2022-04-02 17:00:00', NULL),
(1690, 25, 350, 700, 1.00, 700, '2022-04-02 17:00:00', NULL),
(1691, 15, 350, 1000, 0.70, 700, '2022-04-02 17:00:00', NULL),
(1692, 16, 350, 2500, 0.30, 750, '2022-04-02 17:00:00', NULL),
(1693, 26, 350, 1100, 4.70, 5170, '2022-04-02 17:00:00', NULL),
(1694, 17, 350, 400, 0.20, 80, '2022-04-02 17:00:00', NULL),
(1695, 35, 350, 1000, 2.40, 2400, '2022-04-02 17:00:00', NULL),
(1696, 11, 350, 1200, 1.40, 1680, '2022-04-02 17:00:00', NULL),
(1697, 22, 350, 800, 1.10, 880, '2022-04-02 17:00:00', NULL),
(1698, 15, 351, 1000, 7.30, 7300, '2022-04-02 17:00:00', NULL),
(1699, 26, 351, 1100, 5.60, 6160, '2022-04-02 17:00:00', NULL),
(1700, 13, 352, 1500, 0.30, 450, '2022-04-02 17:00:00', NULL),
(1701, 14, 352, 200, 0.50, 100, '2022-04-02 17:00:00', NULL),
(1702, 25, 352, 700, 0.70, 490, '2022-04-02 17:00:00', NULL),
(1703, 15, 352, 1000, 0.30, 300, '2022-04-02 17:00:00', NULL),
(1704, 11, 352, 1200, 0.10, 120, '2022-04-02 17:00:00', NULL),
(1705, 19, 352, 800, 0.20, 160, '2022-04-02 17:00:00', NULL),
(1706, 2, 353, 8000, 0.01, 80, '2022-04-02 17:00:00', NULL),
(1707, 13, 353, 1500, 0.60, 900, '2022-04-02 17:00:00', NULL),
(1708, 25, 353, 700, 0.20, 140, '2022-04-02 17:00:00', NULL),
(1709, 15, 353, 1000, 0.50, 500, '2022-04-02 17:00:00', NULL),
(1710, 11, 353, 1200, 0.20, 240, '2022-04-02 17:00:00', NULL),
(1711, 13, 354, 1500, 0.30, 450, '2022-04-02 17:00:00', NULL),
(1712, 6, 355, 9000, 0.30, 2700, '2022-04-02 17:00:00', NULL),
(1713, 13, 355, 1500, 0.50, 750, '2022-04-02 17:00:00', NULL),
(1714, 26, 355, 1100, 0.60, 660, '2022-04-02 17:00:00', NULL),
(1715, 17, 355, 400, 0.10, 40, '2022-04-02 17:00:00', NULL),
(1716, 11, 355, 1200, 0.10, 120, '2022-04-02 17:00:00', NULL),
(1717, 22, 355, 800, 0.10, 80, '2022-04-02 17:00:00', NULL),
(1718, 13, 356, 1500, 1.50, 2250, '2022-04-02 17:00:00', NULL),
(1719, 15, 356, 1000, 0.60, 600, '2022-04-02 17:00:00', NULL),
(1720, 16, 356, 2500, 0.30, 750, '2022-04-02 17:00:00', NULL),
(1721, 11, 356, 1200, 0.20, 240, '2022-04-02 17:00:00', NULL),
(1722, 22, 356, 800, 0.60, 480, '2022-04-02 17:00:00', NULL),
(1723, 1, 357, 1500, 0.20, 300, '2022-04-02 17:00:00', NULL),
(1724, 8, 357, 1000, 0.70, 700, '2022-04-02 17:00:00', NULL),
(1725, 12, 357, 2500, 0.30, 750, '2022-04-02 17:00:00', NULL),
(1726, 13, 357, 1500, 0.30, 450, '2022-04-02 17:00:00', NULL),
(1727, 25, 357, 700, 0.50, 350, '2022-04-02 17:00:00', NULL),
(1728, 26, 357, 1100, 0.70, 770, '2022-04-02 17:00:00', NULL),
(1729, 22, 357, 800, 0.30, 240, '2022-04-02 17:00:00', NULL),
(1730, 32, 357, 200, 0.40, 80, '2022-04-02 17:00:00', NULL),
(1731, 10, 357, 700, 0.30, 210, '2022-04-02 17:00:00', NULL),
(1732, 13, 358, 1500, 0.60, 900, '2022-04-02 17:00:00', NULL),
(1733, 25, 358, 700, 0.50, 350, '2022-04-02 17:00:00', NULL),
(1734, 15, 358, 1000, 0.20, 200, '2022-04-02 17:00:00', NULL),
(1735, 22, 358, 800, 0.10, 80, '2022-04-02 17:00:00', NULL),
(1736, 13, 359, 1500, 0.70, 1050, '2022-04-02 17:00:00', NULL),
(1737, 17, 359, 400, 1.00, 400, '2022-04-02 17:00:00', NULL),
(1738, 13, 360, 1500, 1.50, 2250, '2022-04-02 17:00:00', NULL),
(1739, 15, 360, 1000, 0.60, 600, '2022-04-02 17:00:00', NULL),
(1740, 16, 360, 2500, 0.50, 1250, '2022-04-02 17:00:00', NULL),
(1741, 12, 361, 2500, 1.50, 3750, '2022-04-02 17:00:00', NULL),
(1742, 15, 361, 1000, 0.30, 300, '2022-04-02 17:00:00', NULL),
(1743, 26, 361, 1100, 3.70, 4070, '2022-04-02 17:00:00', NULL),
(1744, 15, 362, 1000, 0.50, 500, '2022-04-02 17:00:00', NULL),
(1745, 30, 362, 800, 0.30, 240, '2022-04-02 17:00:00', NULL),
(1746, 17, 362, 400, 0.20, 80, '2022-04-02 17:00:00', NULL),
(1747, 6, 363, 9000, 0.80, 7200, '2022-04-02 17:00:00', NULL),
(1748, 23, 363, 700, 2.10, 1470, '2022-04-02 17:00:00', NULL),
(1749, 12, 363, 2500, 0.20, 500, '2022-04-02 17:00:00', NULL),
(1750, 24, 363, 1500, 3.00, 4500, '2022-04-02 17:00:00', NULL),
(1751, 25, 363, 700, 0.90, 630, '2022-04-02 17:00:00', NULL),
(1752, 15, 363, 1000, 1.00, 1000, '2022-04-02 17:00:00', NULL),
(1753, 12, 364, 2500, 0.50, 1250, '2022-04-02 17:00:00', NULL),
(1754, 13, 364, 1500, 0.40, 600, '2022-04-02 17:00:00', NULL),
(1755, 16, 364, 2500, 3.00, 7500, '2022-04-02 17:00:00', NULL),
(1756, 22, 364, 800, 0.20, 160, '2022-04-02 17:00:00', NULL),
(1757, 7, 365, 2000, 0.10, 200, '2022-04-02 17:00:00', NULL),
(1758, 25, 365, 700, 0.50, 350, '2022-04-02 17:00:00', NULL),
(1759, 15, 365, 1000, 1.30, 1300, '2022-04-02 17:00:00', NULL),
(1760, 29, 365, 800, 1.70, 1360, '2022-04-02 17:00:00', NULL),
(1761, 19, 365, 800, 0.40, 320, '2022-04-02 17:00:00', NULL),
(1762, 12, 366, 2500, 0.70, 1750, '2022-04-02 17:00:00', NULL),
(1763, 25, 366, 700, 0.50, 350, '2022-04-02 17:00:00', NULL),
(1764, 15, 366, 1000, 0.20, 200, '2022-04-02 17:00:00', NULL),
(1765, 26, 366, 1100, 0.90, 990, '2022-04-02 17:00:00', NULL),
(1766, 2, 367, 8000, 0.07, 560, '2022-04-02 17:00:00', NULL),
(1767, 12, 367, 2500, 0.40, 1000, '2022-04-02 17:00:00', NULL),
(1768, 13, 367, 1500, 0.30, 450, '2022-04-02 17:00:00', NULL),
(1769, 27, 367, 2000, 0.30, 600, '2022-04-02 17:00:00', NULL),
(1770, 12, 368, 2500, 0.50, 1250, '2022-04-02 17:00:00', NULL),
(1771, 24, 368, 1500, 2.00, 3000, '2022-04-02 17:00:00', NULL),
(1772, 26, 368, 1100, 0.20, 220, '2022-04-02 17:00:00', NULL),
(1773, 11, 368, 1200, 0.30, 360, '2022-04-02 17:00:00', NULL),
(1774, 13, 369, 1500, 0.30, 450, '2022-04-02 17:00:00', NULL),
(1775, 25, 369, 700, 0.40, 280, '2022-04-02 17:00:00', NULL),
(1776, 15, 369, 1000, 0.30, 300, '2022-04-02 17:00:00', NULL),
(1777, 26, 369, 1100, 1.40, 1540, '2022-04-02 17:00:00', NULL),
(1778, 11, 369, 1200, 0.30, 360, '2022-04-02 17:00:00', NULL),
(1779, 12, 370, 2500, 0.50, 1250, '2022-04-02 17:00:00', NULL),
(1780, 14, 370, 200, 0.20, 40, '2022-04-02 17:00:00', NULL),
(1781, 24, 370, 1500, 3.10, 4650, '2022-04-02 17:00:00', NULL),
(1782, 15, 370, 1000, 2.80, 2800, '2022-04-02 17:00:00', NULL),
(1783, 12, 371, 2500, 0.40, 1000, '2022-04-02 17:00:00', NULL),
(1784, 13, 371, 1500, 0.40, 600, '2022-04-02 17:00:00', NULL),
(1785, 25, 371, 700, 0.50, 350, '2022-04-02 17:00:00', NULL),
(1786, 26, 371, 1100, 0.60, 660, '2022-04-02 17:00:00', NULL),
(1787, 28, 371, 700, 3.40, 2380, '2022-04-02 17:00:00', NULL),
(1788, 7, 372, 2000, 1.00, 2000, '2022-04-02 17:00:00', NULL),
(1789, 12, 372, 2500, 0.60, 1500, '2022-04-02 17:00:00', NULL),
(1790, 14, 372, 200, 1.30, 260, '2022-04-02 17:00:00', NULL),
(1791, 24, 372, 1500, 1.10, 1650, '2022-04-02 17:00:00', NULL),
(1792, 26, 372, 1100, 3.10, 3410, '2022-04-02 17:00:00', NULL),
(1793, 11, 372, 1200, 0.20, 240, '2022-04-02 17:00:00', NULL),
(1797, 8, 374, 1000, 1.00, 1000, '2022-04-15 17:00:00', NULL),
(1798, 17, 374, 400, 2.00, 800, '2022-04-15 17:00:00', NULL),
(1799, 26, 374, 1100, 5.00, 5500, '2022-04-15 17:00:00', NULL);

-- --------------------------------------------------------

--
-- Struktur dari tabel `sampah_menus`
--

CREATE TABLE `sampah_menus` (
  `id` bigint(20) UNSIGNED NOT NULL,
  `jenis_sampah` int(11) NOT NULL,
  `tipe` int(11) NOT NULL,
  `keterangan` varchar(255) COLLATE utf8mb4_unicode_ci NOT NULL,
  `created_at` timestamp NULL DEFAULT NULL,
  `updated_at` timestamp NULL DEFAULT NULL
) ENGINE=InnoDB DEFAULT CHARSET=utf8mb4 COLLATE=utf8mb4_unicode_ci;

--
-- Dumping data untuk tabel `sampah_menus`
--

INSERT INTO `sampah_menus` (`id`, `jenis_sampah`, `tipe`, `keterangan`, `created_at`, `updated_at`) VALUES
(1, 2, 1, 'Seperti kaleng dari kemasan cocacola, pocari, dll', '2022-02-11 13:52:27', '2022-02-11 13:52:27'),
(2, 1, 2, 'Kemasan gelas dan merk ale ale saja', '2022-02-11 13:52:28', '2022-02-11 13:52:28'),
(4, 4, 4, 'Hanya yang bermerk bir bintang saja', '2022-02-11 13:52:28', '2022-02-11 13:52:28'),
(5, 5, 5, 'Berbagai jenis kaset CD dengan berbagai merk', '2022-02-11 13:52:28', '2022-02-11 13:52:28'),
(7, 7, 1, 'Barang yang berbahan besi tebal atau sebagainya', '2022-02-12 15:43:11', '2022-02-12 15:43:11'),
(8, 8, 1, 'Barang yang berbahan besi tipis atau sebagainya', '2022-02-12 15:44:07', '2022-02-12 15:44:07'),
(9, 9, 1, 'Barang yang berbahan besi stenlis atau sebagainya', '2022-02-12 15:44:31', '2022-02-12 15:44:31'),
(10, 6, 1, 'Barang yang berasal dari aluminium dan berupa panci', '2022-02-13 06:02:41', '2022-02-13 06:02:41'),
(11, 10, 1, 'Barang yang berbahan dari seng', '2022-02-13 06:59:51', '2022-02-13 06:59:51'),
(12, 11, 1, 'Kaleng yang tebal, seperti kaleng susu anak, baygon, tempat cat dll', '2022-02-13 07:01:27', '2022-02-13 07:01:27'),
(13, 12, 2, 'Botol plastik merk aqua, yang terpisah dari tutup, label, cincin dari tutup botol.', '2022-02-13 07:03:39', '2022-02-13 07:03:39'),
(14, 13, 2, 'Botol plastik dari merk aqua, masih dalam keadaan utuh belum di pisahkan', '2022-02-13 07:04:17', '2022-02-13 07:04:17'),
(15, 14, 2, 'Botol plastik bening dari berbagai merk', '2022-02-13 07:04:55', '2022-02-13 07:04:55'),
(16, 15, 2, 'Barang terbuat dari plastik agak tebal seperti botol bayclin, keranjang sampah plastik, dll', '2022-02-13 07:06:34', '2022-02-13 07:06:34'),
(17, 16, 2, 'Jerigen dengan ukuran minimal 5 liter dengan warna putih susu', '2022-02-13 07:07:07', '2022-02-13 07:07:07'),
(18, 17, 2, 'Segala jenis kresek berbagai ukuran dan warna', '2022-02-13 07:07:32', '2022-02-13 07:07:32'),
(19, 18, 2, 'Pipet dengan berbagai warna dan ukuran', '2022-02-13 07:08:11', '2022-02-13 07:08:11'),
(20, 19, 2, 'Pipa paralon dengan ukuran yang besar', '2022-02-13 07:10:04', '2022-02-13 07:10:04'),
(21, 38, 2, 'Kemasan saset berbagai merk', '2022-02-13 07:12:22', '2022-02-13 07:12:22'),
(22, 20, 2, 'Berbagai jenis mantel / jas hujan', '2022-02-13 07:13:01', '2022-02-13 07:13:01'),
(23, 21, 2, 'Kemasan botol plastik berwarna berbagai merk', '2022-02-13 07:13:28', '2022-02-13 07:13:28'),
(25, 23, 3, 'Kertas buram yang sudah terisi atau dalam keadaan kosong', '2022-02-13 07:25:55', '2022-02-13 07:25:55'),
(26, 3, 3, 'Buku tulis dalam keadaan sudah terisi atau keadaan baru/kosong', '2022-02-13 07:27:03', '2022-02-13 07:27:03'),
(27, 24, 3, 'Kertas cetak hasil print yang gagal atau sebagainya', '2022-02-13 07:27:36', '2022-02-13 07:27:36'),
(28, 25, 3, 'Berupa karton tipis, seperti tempat jajan,momogi, pepsodent,dll', '2022-02-13 07:29:11', '2022-02-13 07:29:11'),
(29, 26, 3, 'Berbagai jenis kardus tebal', '2022-02-13 07:29:52', '2022-02-13 07:29:52'),
(30, 27, 3, 'Berbagai jenis koran', '2022-02-13 07:30:12', '2022-02-13 07:30:12'),
(31, 28, 3, 'Berbagai jenis majalah', '2022-02-13 07:30:36', '2022-02-13 07:30:36'),
(32, 29, 3, 'Berbagai jenis kertas dari segala jenis', '2022-02-13 07:31:09', '2022-02-13 07:31:09'),
(33, 30, 3, 'Kertas semen dengan berbagai ukuran dan warna', '2022-02-13 07:31:45', '2022-02-13 07:31:45'),
(34, 31, 4, 'Hanya yang bermerk bir bintang saja', '2022-02-13 07:32:22', '2022-02-13 07:32:22'),
(35, 32, 5, 'Dengan berbahan kulit saja', '2022-02-13 07:33:24', '2022-02-13 07:33:24'),
(36, 33, 5, 'Berbagai jenis tv, ukuran dan merk', '2022-02-13 07:33:54', '2022-02-13 07:33:54'),
(37, 34, 5, 'Berbagai jenis kulkas, ukuran dan merk', '2022-02-13 07:34:22', '2022-02-13 07:34:22'),
(38, 35, 5, 'Berupa jenis kelapa daksina/yang sudah tua', '2022-02-13 07:34:55', '2022-02-13 07:34:55'),
(39, 36, 5, 'Berbagai jenis karpet segala ukuran dan bahan', '2022-02-13 07:35:29', '2022-02-13 07:35:29'),
(40, 37, 5, 'Berbagai jenis aki segala ukuran dan merk', '2022-02-13 07:36:08', '2022-02-13 07:36:08'),
(42, 22, 2, 'Jenis Plastik Bening', '2022-04-12 12:05:07', '2022-04-12 12:05:07');

-- --------------------------------------------------------

--
-- Struktur dari tabel `tabungans`
--

CREATE TABLE `tabungans` (
  `id` bigint(20) UNSIGNED NOT NULL,
  `user_id` bigint(20) UNSIGNED NOT NULL,
  `debit` int(11) NOT NULL DEFAULT 0,
  `kredit` int(11) NOT NULL DEFAULT 0,
  `tanggal` date NOT NULL,
  `keterangan` text COLLATE utf8mb4_unicode_ci DEFAULT NULL,
  `created_at` timestamp NULL DEFAULT NULL,
  `updated_at` timestamp NULL DEFAULT NULL
) ENGINE=InnoDB DEFAULT CHARSET=utf8mb4 COLLATE=utf8mb4_unicode_ci;

--
-- Dumping data untuk tabel `tabungans`
--

INSERT INTO `tabungans` (`id`, `user_id`, `debit`, `kredit`, `tanggal`, `keterangan`, `created_at`, `updated_at`) VALUES
(1, 4, 362985, 0, '0000-00-00', NULL, '2022-02-15 13:51:18', '2022-02-15 13:51:18'),
(2, 87, 59190, 0, '0000-00-00', NULL, '2022-02-16 09:38:30', '2022-02-16 09:38:30'),
(3, 87, 0, 0, '0000-00-00', 'ok', '2022-02-16 09:45:08', '2022-02-16 09:45:08'),
(4, 2, 879640, 0, '0000-00-00', NULL, NULL, NULL),
(5, 3, 20840, 0, '0000-00-00', NULL, NULL, NULL),
(6, 5, 579101, 0, '0000-00-00', NULL, NULL, NULL),
(7, 6, 384115, 0, '0000-00-00', NULL, NULL, NULL),
(8, 7, 12660, 0, '0000-00-00', NULL, NULL, NULL),
(9, 8, 34385, 0, '0000-00-00', NULL, NULL, NULL),
(10, 9, 273575, 0, '0000-00-00', NULL, NULL, NULL),
(11, 10, 167680, 0, '0000-00-00', NULL, NULL, NULL),
(12, 11, 156155, 0, '0000-00-00', NULL, NULL, NULL),
(13, 12, 4115, 0, '0000-00-00', NULL, NULL, NULL),
(14, 13, 5375, 0, '0000-00-00', NULL, NULL, NULL),
(15, 14, 46680, 0, '0000-00-00', NULL, NULL, NULL),
(16, 15, 128400, 0, '0000-00-00', NULL, NULL, NULL),
(17, 16, 16120, 0, '0000-00-00', NULL, NULL, NULL),
(18, 17, 43180, 0, '0000-00-00', NULL, NULL, NULL),
(19, 18, 437625, 0, '0000-00-00', NULL, NULL, NULL),
(20, 19, 153175, 0, '0000-00-00', NULL, NULL, NULL),
(21, 20, 99285, 0, '0000-00-00', NULL, NULL, NULL),
(22, 21, 53345, 0, '0000-00-00', NULL, NULL, NULL),
(23, 22, 134675, 0, '0000-00-00', NULL, NULL, NULL),
(24, 23, 15180, 0, '0000-00-00', NULL, NULL, NULL),
(25, 24, 54780, 0, '0000-00-00', NULL, NULL, NULL),
(26, 25, 41090, 0, '0000-00-00', NULL, NULL, NULL),
(27, 26, 86970, 0, '0000-00-00', NULL, NULL, NULL),
(28, 27, 24985, 0, '0000-00-00', NULL, NULL, NULL),
(29, 28, 38065, 0, '0000-00-00', NULL, NULL, NULL),
(30, 29, 35115, 0, '0000-00-00', NULL, NULL, NULL),
(31, 30, 11440, 0, '0000-00-00', NULL, NULL, NULL),
(32, 31, 85, 0, '0000-00-00', NULL, NULL, NULL),
(33, 32, 181515, 0, '0000-00-00', NULL, NULL, NULL),
(34, 33, 158585, 0, '0000-00-00', NULL, NULL, NULL),
(35, 34, 111800, 0, '0000-00-00', NULL, NULL, NULL),
(36, 35, 113335, 0, '0000-00-00', NULL, NULL, NULL),
(37, 36, 28065, 0, '0000-00-00', NULL, NULL, NULL),
(38, 37, 437970, 0, '0000-00-00', NULL, NULL, NULL),
(39, 38, 59165, 0, '0000-00-00', NULL, NULL, NULL),
(40, 39, 67200, 0, '0000-00-00', NULL, NULL, NULL),
(41, 40, 36595, 0, '0000-00-00', NULL, NULL, NULL),
(42, 41, 17660, 0, '0000-00-00', NULL, NULL, NULL),
(43, 42, 100975, 0, '0000-00-00', NULL, NULL, NULL),
(44, 43, 409665, 0, '0000-00-00', NULL, NULL, NULL),
(45, 44, 79890, 0, '0000-00-00', NULL, NULL, NULL),
(46, 45, 84075, 0, '0000-00-00', NULL, NULL, NULL),
(47, 46, 212130, 0, '0000-00-00', NULL, NULL, NULL),
(48, 47, 17740, 0, '0000-00-00', NULL, NULL, NULL),
(49, 48, 75610, 0, '0000-00-00', NULL, NULL, NULL),
(50, 49, 1200, 0, '0000-00-00', NULL, NULL, NULL),
(51, 50, 60620, 0, '0000-00-00', NULL, NULL, NULL),
(52, 51, 198105, 0, '0000-00-00', NULL, NULL, NULL),
(53, 52, 76750, 0, '0000-00-00', NULL, NULL, NULL),
(54, 53, 4345, 0, '0000-00-00', NULL, NULL, NULL),
(55, 54, 50160, 0, '0000-00-00', NULL, NULL, NULL),
(56, 55, 71125, 0, '0000-00-00', NULL, NULL, NULL),
(57, 56, 12300, 0, '0000-00-00', NULL, NULL, NULL),
(58, 57, 23140, 0, '0000-00-00', NULL, NULL, NULL),
(59, 58, 1580, 0, '0000-00-00', NULL, NULL, NULL),
(60, 59, 299914, 0, '0000-00-00', NULL, NULL, NULL),
(61, 60, 318060, 0, '0000-00-00', NULL, NULL, NULL),
(62, 61, 108970, 0, '0000-00-00', NULL, NULL, NULL),
(63, 62, 79155, 0, '0000-00-00', NULL, NULL, NULL),
(64, 63, 33085, 0, '0000-00-00', NULL, NULL, NULL),
(65, 64, 66030, 0, '0000-00-00', NULL, NULL, NULL),
(66, 65, 164815, 0, '0000-00-00', NULL, NULL, NULL),
(67, 66, 3145, 0, '0000-00-00', NULL, NULL, NULL),
(68, 67, 24090, 0, '0000-00-00', NULL, NULL, NULL),
(69, 68, 30500, 0, '0000-00-00', NULL, NULL, NULL),
(70, 69, 195820, 0, '0000-00-00', NULL, NULL, NULL),
(71, 70, 55330, 0, '0000-00-00', NULL, NULL, NULL),
(72, 71, 11915, 0, '0000-00-00', NULL, NULL, NULL),
(73, 72, 27455, 0, '0000-00-00', NULL, NULL, NULL),
(74, 73, 121305, 0, '0000-00-00', NULL, NULL, NULL),
(75, 74, 8700, 0, '0000-00-00', NULL, NULL, NULL),
(76, 75, 5640, 0, '0000-00-00', NULL, NULL, NULL),
(77, 76, 82850, 0, '0000-00-00', NULL, NULL, NULL),
(78, 77, 770775, 0, '0000-00-00', NULL, NULL, NULL),
(79, 78, 149784, 0, '0000-00-00', NULL, NULL, NULL),
(80, 79, 5940, 0, '0000-00-00', NULL, NULL, NULL),
(81, 80, 2400, 0, '0000-00-00', NULL, NULL, NULL),
(82, 81, 47345, 0, '0000-00-00', NULL, NULL, NULL),
(83, 82, 38488, 0, '0000-00-00', NULL, NULL, NULL),
(84, 83, 10300, 0, '0000-00-00', NULL, NULL, NULL),
(85, 84, 263765, 0, '0000-00-00', NULL, NULL, NULL),
(86, 85, 201190, 0, '0000-00-00', NULL, NULL, NULL),
(87, 86, 6480, 0, '0000-00-00', NULL, NULL, NULL),
(88, 88, 17780, 0, '0000-00-00', NULL, NULL, NULL),
(89, 89, 2090, 0, '0000-00-00', NULL, NULL, NULL),
(90, 90, 25500, 0, '0000-00-00', NULL, NULL, NULL),
(91, 91, 13200, 0, '0000-00-00', NULL, NULL, NULL),
(92, 92, 62175, 0, '0000-00-00', NULL, NULL, NULL),
(93, 93, 9600, 0, '0000-00-00', NULL, NULL, NULL),
(94, 94, 17810, 0, '0000-00-00', NULL, NULL, NULL),
(95, 95, 1800, 0, '0000-00-00', NULL, NULL, NULL),
(96, 96, 211545, 0, '0000-00-00', NULL, NULL, NULL),
(97, 97, 49640, 0, '0000-00-00', NULL, NULL, NULL),
(98, 98, 10170, 0, '0000-00-00', NULL, NULL, NULL),
(99, 99, 56760, 0, '0000-00-00', NULL, NULL, NULL),
(100, 100, 18540, 0, '0000-00-00', NULL, NULL, NULL),
(101, 101, 68350, 0, '0000-00-00', NULL, NULL, NULL),
(102, 102, 9165, 0, '0000-00-00', NULL, NULL, NULL),
(103, 103, 25000, 0, '0000-00-00', NULL, NULL, NULL),
(104, 104, 16300, 0, '0000-00-00', NULL, NULL, NULL),
(105, 105, 19025, 0, '0000-00-00', NULL, NULL, NULL),
(106, 106, 59215, 0, '0000-00-00', NULL, NULL, NULL),
(107, 107, 95815, 0, '0000-00-00', NULL, NULL, NULL),
(108, 108, 39235, 0, '0000-00-00', NULL, NULL, NULL),
(109, 109, 71735, 0, '0000-00-00', NULL, NULL, NULL),
(110, 110, 75505, 0, '0000-00-00', NULL, NULL, NULL),
(111, 111, 80857, 0, '0000-00-00', NULL, NULL, NULL),
(112, 112, 6770, 0, '0000-00-00', NULL, NULL, NULL),
(113, 113, 5500, 0, '0000-00-00', NULL, NULL, NULL),
(114, 114, 9200, 0, '0000-00-00', NULL, NULL, NULL),
(115, 115, 9200, 0, '0000-00-00', NULL, NULL, NULL),
(116, 116, 9200, 0, '0000-00-00', NULL, NULL, NULL),
(117, 117, 9200, 0, '0000-00-00', NULL, NULL, NULL),
(118, 118, 9145, 0, '0000-00-00', NULL, NULL, NULL),
(119, 119, 88115, 0, '0000-00-00', NULL, NULL, NULL),
(120, 120, 103035, 0, '0000-00-00', NULL, NULL, NULL),
(121, 121, 40975, 0, '0000-00-00', NULL, NULL, NULL),
(122, 122, 780, 0, '0000-00-00', NULL, NULL, NULL),
(123, 123, 750, 0, '0000-00-00', NULL, NULL, NULL),
(124, 124, 610, 0, '0000-00-00', NULL, NULL, NULL),
(125, 125, 3250, 0, '0000-00-00', NULL, NULL, NULL),
(126, 126, 48205, 0, '0000-00-00', NULL, NULL, NULL),
(127, 127, 50910, 0, '0000-00-00', NULL, NULL, NULL),
(128, 128, 20650, 0, '0000-00-00', NULL, NULL, NULL),
(129, 129, 28260, 0, '0000-00-00', NULL, NULL, NULL),
(130, 130, -2105, 0, '0000-00-00', NULL, NULL, NULL),
(131, 131, 86555, 0, '0000-00-00', NULL, NULL, NULL),
(132, 132, 91446, 0, '0000-00-00', NULL, NULL, NULL),
(133, 133, 19570, 0, '0000-00-00', NULL, NULL, NULL),
(134, 134, 3100, 0, '0000-00-00', NULL, NULL, NULL),
(135, 135, 60835, 0, '0000-00-00', NULL, NULL, NULL),
(136, 136, 1005, 0, '0000-00-00', NULL, NULL, NULL),
(137, 137, 37220, 0, '0000-00-00', NULL, NULL, NULL),
(138, 138, 37300, 0, '0000-00-00', NULL, NULL, NULL),
(139, 139, 14330, 0, '0000-00-00', NULL, NULL, NULL),
(140, 140, 114160, 0, '0000-00-00', NULL, NULL, NULL),
(141, 141, 22700, 0, '0000-00-00', NULL, NULL, NULL),
(142, 148, 0, 0, '0000-00-00', NULL, '2022-02-18 06:34:45', '2022-02-18 06:34:45'),
(143, 148, 0, 0, '0000-00-00', 'ok', '0000-00-00 00:00:00', '0000-00-00 00:00:00'),
(144, 142, 13750, 0, '0000-00-00', NULL, NULL, NULL),
(145, 143, 8640, 0, '0000-00-00', NULL, NULL, NULL),
(146, 144, 95740, 0, '0000-00-00', NULL, NULL, NULL),
(147, 145, 1200, 0, '0000-00-00', NULL, NULL, NULL),
(148, 146, 80510, 0, '0000-00-00', NULL, NULL, NULL),
(149, 147, 63400, 0, '0000-00-00', NULL, NULL, NULL),
(150, 148, 21485, 0, '0000-00-00', NULL, NULL, NULL),
(151, 149, 76995, 0, '0000-00-00', NULL, NULL, NULL),
(152, 150, 44410, 0, '0000-00-00', NULL, NULL, NULL),
(153, 5, 4230, 0, '2021-09-19', NULL, '2022-02-18 06:34:45', '2022-02-18 06:34:45'),
(154, 4, 1770, 0, '2021-09-19', NULL, '2022-02-18 06:43:25', '2022-02-18 06:43:25'),
(155, 6, 9740, 0, '2021-09-19', NULL, '2022-02-18 06:50:32', '2022-02-18 06:50:32'),
(156, 18, 5580, 0, '2021-09-19', NULL, '2022-02-18 06:54:46', '2022-02-18 06:54:46'),
(157, 48, 18980, 0, '2021-09-19', NULL, '2022-02-18 06:57:05', '2022-02-18 06:57:05'),
(158, 101, 9280, 0, '2021-09-19', NULL, '2022-02-18 06:58:47', '2022-02-18 06:58:47'),
(159, 120, 13200, 0, '2021-09-19', NULL, '2022-02-18 07:00:36', '2022-02-18 07:00:36'),
(160, 111, 2630, 0, '2021-09-19', NULL, '2022-02-18 07:03:01', '2022-02-18 07:03:01'),
(161, 146, 2100, 0, '2021-09-19', NULL, '2022-02-18 07:05:18', '2022-02-18 07:05:18'),
(162, 26, 5750, 0, '2021-09-19', NULL, '2022-02-18 07:06:56', '2022-02-18 07:06:56'),
(163, 59, 800, 0, '2021-09-19', NULL, '2022-02-18 07:11:27', '2022-02-18 07:11:27'),
(164, 28, 10290, 0, '2021-09-19', NULL, '2022-02-18 07:13:16', '2022-02-18 07:13:16'),
(165, 9, 3070, 0, '2021-09-19', NULL, '2022-02-18 07:15:51', '2022-02-18 07:15:51'),
(166, 2, 8390, 0, '2021-09-19', NULL, '2022-02-18 07:19:58', '2022-02-18 07:19:58'),
(167, 35, 3890, 0, '2021-09-19', NULL, '2022-02-18 07:22:36', '2022-02-18 07:22:36'),
(168, 147, 2790, 0, '2021-09-19', NULL, '2022-02-18 07:24:35', '2022-02-18 07:24:35'),
(169, 34, 3600, 0, '2021-09-19', NULL, '2022-02-18 07:25:25', '2022-02-18 07:25:25'),
(170, 43, 683, 0, '2021-09-19', NULL, '2022-02-18 07:27:38', '2022-02-18 07:27:38'),
(171, 10, 4143, 0, '2021-09-19', NULL, '2022-02-18 07:29:53', '2022-02-18 07:29:53'),
(172, 71, 1580, 0, '2021-09-19', NULL, '2022-02-18 07:32:12', '2022-02-18 07:32:12'),
(173, 5, 4498, 0, '2021-10-03', NULL, '2022-02-18 07:42:44', '2022-02-18 07:42:44'),
(174, 4, 1810, 0, '2021-10-03', NULL, '2022-02-18 07:44:53', '2022-02-18 07:44:53'),
(175, 48, 4060, 0, '2021-10-03', NULL, '2022-02-18 07:47:39', '2022-02-18 07:47:39'),
(176, 26, 2490, 0, '2021-10-03', NULL, '2022-02-18 07:50:14', '2022-02-18 07:50:14'),
(177, 28, 1150, 0, '2021-10-03', NULL, '2022-02-18 07:51:59', '2022-02-18 07:51:59'),
(178, 101, 3610, 0, '2021-10-03', NULL, '2022-02-18 07:56:40', '2022-02-18 07:56:40'),
(179, 85, 2610, 0, '2021-10-03', NULL, '2022-02-18 08:00:42', '2022-02-18 08:00:42'),
(180, 18, 6470, 0, '2021-10-03', NULL, '2022-02-18 08:05:12', '2022-02-18 08:05:12'),
(181, 111, 3110, 0, '2021-10-03', NULL, '2022-02-18 08:07:06', '2022-02-18 08:07:06'),
(182, 120, 1430, 0, '2021-10-03', NULL, '2022-02-18 08:08:50', '2022-02-18 08:08:50'),
(183, 146, 1010, 0, '2021-10-03', NULL, '2022-02-18 08:11:06', '2022-02-18 08:11:06'),
(184, 147, 1303, 0, '2021-10-03', NULL, '2022-02-18 08:13:23', '2022-02-18 08:13:23'),
(185, 87, 11200, 0, '2021-10-03', NULL, '2022-02-18 08:17:39', '2022-02-18 08:17:39'),
(186, 54, 1160, 0, '2021-10-03', NULL, '2022-02-18 08:20:11', '2022-02-18 08:20:11'),
(187, 24, 8430, 0, '2021-10-03', NULL, '2022-02-18 08:23:34', '2022-02-18 08:23:34'),
(188, 130, 1950, 0, '2021-10-03', NULL, '2022-02-18 08:24:45', '2022-02-18 08:24:45'),
(189, 52, 5310, 0, '2021-10-03', NULL, '2022-02-18 08:27:11', '2022-02-18 08:27:11'),
(190, 37, 32540, 0, '2021-10-03', NULL, '2022-02-18 08:29:42', '2022-02-18 08:29:42'),
(191, 59, 2600, 0, '2021-10-03', NULL, '2022-02-18 08:31:03', '2022-02-18 08:31:03'),
(192, 32, 1060, 0, '2021-10-03', NULL, '2022-02-18 08:33:23', '2022-02-18 08:33:23'),
(193, 84, 4340, 0, '2021-10-03', NULL, '2022-02-18 08:34:41', '2022-02-18 08:34:41'),
(194, 53, 160, 0, '2021-10-03', NULL, '2022-02-18 08:35:29', '2022-02-18 08:35:29'),
(195, 34, 9390, 0, '2021-10-03', NULL, '2022-02-18 08:43:45', '2022-02-18 08:43:45'),
(196, 142, 2010, 0, '2021-10-03', NULL, '2022-02-18 08:45:30', '2022-02-18 08:45:30'),
(197, 21, 8895, 0, '2021-10-03', NULL, '2022-02-18 08:49:42', '2022-02-18 08:49:42'),
(198, 6, 2600, 0, '2021-10-03', NULL, '2022-02-18 08:51:32', '2022-02-18 08:51:32'),
(199, 43, 1650, 0, '2021-10-03', NULL, '2022-02-18 08:52:42', '2022-02-18 08:52:42'),
(200, 35, 8850, 0, '2021-10-03', NULL, '2022-02-18 08:53:47', '2022-02-18 08:53:47'),
(201, 77, 15000, 0, '2021-10-17', NULL, '2022-02-18 10:31:57', '2022-02-18 10:31:57'),
(202, 5, 2220, 0, '2021-10-17', NULL, '2022-02-18 10:33:18', '2022-02-18 10:33:18'),
(203, 4, 3810, 0, '2021-10-17', NULL, '2022-02-18 10:36:07', '2022-02-18 10:36:07'),
(204, 6, 1660, 0, '2021-10-17', NULL, '2022-02-18 10:37:52', '2022-02-18 10:37:52'),
(205, 9, 2350, 0, '2021-10-17', NULL, '2022-02-18 10:40:20', '2022-02-18 10:40:20'),
(206, 29, 3570, 0, '2021-10-17', NULL, '2022-02-18 10:41:46', '2022-02-18 10:41:46'),
(207, 21, 2940, 0, '2021-10-17', NULL, '2022-02-18 10:44:23', '2022-02-18 10:44:23'),
(208, 71, 1320, 0, '2021-10-17', NULL, '2022-02-18 10:47:00', '2022-02-18 10:47:00'),
(209, 24, 3440, 0, '2021-10-17', NULL, '2022-02-18 10:48:45', '2022-02-18 10:48:45'),
(210, 130, 3800, 0, '2021-10-17', NULL, '2022-02-18 10:51:05', '2022-02-18 10:51:05'),
(211, 37, 3400, 0, '2021-10-17', NULL, '2022-02-18 10:52:39', '2022-02-18 10:52:39'),
(212, 2, 7880, 0, '2021-10-17', NULL, '2022-02-18 10:54:17', '2022-02-18 10:54:17'),
(213, 34, 1055, 0, '2021-10-17', NULL, '2022-02-18 10:56:30', '2022-02-18 10:56:30'),
(214, 150, 5060, 0, '2021-10-17', NULL, '2022-02-18 10:58:25', '2022-02-18 10:58:25'),
(215, 32, 2743, 0, '2021-10-17', NULL, '2022-02-18 11:05:57', '2022-02-18 11:05:57'),
(216, 59, 910, 0, '2021-10-17', NULL, '2022-02-18 11:07:51', '2022-02-18 11:07:51'),
(217, 120, 3580, 0, '2021-10-17', NULL, '2022-02-18 11:09:06', '2022-02-18 11:09:06'),
(218, 26, 650, 0, '2021-10-17', NULL, '2022-02-18 11:10:20', '2022-02-18 11:10:20'),
(219, 28, 1760, 0, '2021-10-17', NULL, '2022-02-18 11:11:52', '2022-02-18 11:11:52'),
(220, 146, 2760, 0, '2021-10-17', NULL, '2022-02-18 11:14:11', '2022-02-18 11:14:11'),
(221, 147, 1130, 0, '2021-10-17', NULL, '2022-02-18 11:23:42', '2022-02-18 11:23:42'),
(222, 48, 3840, 0, '2021-10-17', NULL, '2022-02-18 11:25:10', '2022-02-18 11:25:10'),
(223, 126, 1720, 0, '2021-10-17', NULL, '2022-02-18 11:26:14', '2022-02-18 11:26:14'),
(224, 18, 8440, 0, '2021-10-17', NULL, '2022-02-18 11:28:42', '2022-02-18 11:28:42'),
(225, 111, 2130, 0, '2021-10-17', NULL, '2022-02-18 11:31:39', '2022-02-18 11:31:39'),
(226, 101, 3390, 0, '2021-10-17', NULL, '2022-02-18 11:32:56', '2022-02-18 11:32:56'),
(227, 5, 9230, 0, '2021-11-07', NULL, '2022-02-18 11:38:06', '2022-02-18 11:38:06'),
(228, 4, 44130, 0, '2021-11-07', NULL, '2022-02-18 11:41:46', '2022-02-18 11:41:46'),
(229, 48, 4890, 0, '2021-11-07', NULL, '2022-02-18 11:48:03', '2022-02-18 11:48:03'),
(230, 26, 4170, 0, '2021-11-07', NULL, '2022-02-18 11:50:31', '2022-02-18 11:50:31'),
(231, 28, 4570, 0, '2021-11-07', NULL, '2022-02-18 11:51:58', '2022-02-18 11:51:58'),
(232, 146, 2670, 0, '2021-11-07', NULL, '2022-02-18 11:58:28', '2022-02-18 11:58:28'),
(233, 147, 2710, 0, '2021-11-07', NULL, '2022-02-18 11:59:35', '2022-02-18 11:59:35'),
(234, 101, 4030, 0, '2021-11-07', NULL, '2022-02-18 12:01:53', '2022-02-18 12:01:53'),
(235, 120, 4570, 0, '2021-11-07', NULL, '2022-02-18 12:03:21', '2022-02-18 12:03:21'),
(236, 85, 5440, 0, '2021-11-07', NULL, '2022-02-18 12:04:50', '2022-02-18 12:04:50'),
(237, 111, 6200, 0, '2021-11-07', NULL, '2022-02-18 12:07:00', '2022-02-18 12:07:00'),
(238, 18, 7920, 0, '2021-11-07', NULL, '2022-02-18 12:09:53', '2022-02-18 12:09:53'),
(239, 59, 1780, 0, '2021-11-07', NULL, '2022-02-18 12:12:05', '2022-02-18 12:12:05'),
(240, 34, 19000, 0, '2021-11-07', NULL, '2022-02-18 12:13:48', '2022-02-18 12:13:48'),
(241, 29, 1580, 0, '2021-11-07', NULL, '2022-02-18 12:15:20', '2022-02-18 12:15:20'),
(242, 35, 28280, 0, '2021-11-07', NULL, '2022-02-18 12:25:04', '2022-02-18 12:25:04'),
(243, 131, 5500, 0, '2021-11-07', NULL, '2022-02-18 12:28:15', '2022-02-18 12:28:15'),
(244, 6, 2525, 0, '2021-11-07', NULL, '2022-02-18 12:30:15', '2022-02-18 12:30:15'),
(245, 71, 3830, 0, '2021-11-07', NULL, '2022-02-18 12:31:47', '2022-02-18 12:31:47'),
(246, 22, 31550, 0, '2021-11-07', NULL, '2022-02-18 12:33:11', '2022-02-18 12:33:11'),
(247, 84, 14410, 0, '2021-11-07', NULL, '2022-02-18 12:35:07', '2022-02-18 12:35:07'),
(248, 32, 4350, 0, '2021-11-07', NULL, '2022-02-18 12:40:13', '2022-02-18 12:40:13'),
(249, 43, 2310, 0, '2021-11-07', NULL, '2022-02-18 12:41:39', '2022-02-18 12:41:39'),
(250, 130, 3150, 0, '2021-11-07', NULL, '2022-02-18 12:43:10', '2022-02-18 12:43:10'),
(251, 151, 44000, 0, '2021-11-07', NULL, '2022-02-18 12:43:49', '2022-02-18 12:43:49'),
(252, 53, 240, 0, '2021-11-07', NULL, '2022-02-18 12:44:29', '2022-02-18 12:44:29'),
(253, 24, 2390, 0, '2021-11-07', NULL, '2022-02-18 12:46:36', '2022-02-18 12:46:36'),
(254, 21, 0, 65000, '2021-11-07', 'penarikan dana', '2022-02-18 12:49:10', '2022-02-18 12:49:10'),
(255, 42, 0, 100000, '2021-11-07', 'Penarikan dana', '2022-02-18 12:50:47', '2022-02-18 12:50:47'),
(256, 5, 5210, 0, '2021-12-05', NULL, '2022-02-19 12:10:46', '2022-02-19 12:10:46'),
(257, 4, 7500, 0, '2021-12-05', NULL, '2022-02-19 12:13:52', '2022-02-19 12:13:52'),
(258, 6, 7940, 0, '2021-12-05', NULL, '2022-02-19 12:19:42', '2022-02-19 12:19:42'),
(259, 151, 26210, 0, '2021-12-05', NULL, '2022-02-19 12:21:46', '2022-02-19 12:21:46'),
(260, 77, 17480, 0, '2021-12-05', NULL, '2022-02-19 12:24:37', '2022-02-19 12:24:37'),
(261, 24, 5190, 0, '2021-12-05', NULL, '2022-02-19 13:35:35', '2022-02-19 13:35:35'),
(262, 21, 7790, 0, '2021-12-05', NULL, '2022-02-19 13:38:35', '2022-02-19 13:38:35'),
(263, 150, 11630, 0, '2021-12-05', NULL, '2022-02-19 13:39:44', '2022-02-19 13:39:44'),
(264, 131, 5110, 0, '2021-12-05', NULL, '2022-02-19 13:42:04', '2022-02-19 13:42:04'),
(265, 34, 9310, 0, '2021-12-05', NULL, '2022-02-19 13:45:55', '2022-02-19 13:45:55'),
(266, 87, 6340, 0, '2021-12-05', NULL, '2022-02-19 13:49:07', '2022-02-19 13:49:07'),
(267, 32, 8040, 0, '2021-12-05', NULL, '2022-02-19 13:53:20', '2022-02-19 13:53:20'),
(268, 29, 6720, 0, '2021-12-05', NULL, '2022-02-19 13:55:16', '2022-02-19 13:55:16'),
(269, 20, 4120, 0, '2021-12-05', NULL, '2022-02-19 13:56:59', '2022-02-19 13:56:59'),
(270, 35, 2620, 0, '2021-12-05', NULL, '2022-02-19 13:58:02', '2022-02-19 13:58:02'),
(271, 22, 14920, 0, '2021-12-05', NULL, '2022-02-19 13:59:41', '2022-02-19 13:59:41'),
(272, 130, 12570, 0, '2021-12-05', NULL, '2022-02-19 14:00:59', '2022-02-19 14:00:59'),
(273, 126, 1310, 0, '2021-12-05', NULL, '2022-02-19 14:01:57', '2022-02-19 14:01:57'),
(274, 85, 4030, 0, '2021-12-05', NULL, '2022-02-19 14:05:07', '2022-02-19 14:05:07'),
(275, 146, 2723, 0, '2021-12-05', NULL, '2022-02-19 14:06:24', '2022-02-19 14:06:24'),
(276, 147, 1400, 0, '2021-12-05', NULL, '2022-02-19 14:09:02', '2022-02-19 14:09:02'),
(277, 111, 1770, 0, '2021-12-05', NULL, '2022-02-19 14:13:18', '2022-02-19 14:13:18'),
(278, 101, 3690, 0, '2021-12-05', NULL, '2022-02-19 14:15:21', '2022-02-19 14:15:21'),
(279, 28, 4790, 0, '2021-12-05', NULL, '2022-02-19 14:16:55', '2022-02-19 14:16:55'),
(280, 48, 6120, 0, '2021-12-05', NULL, '2022-02-19 14:18:01', '2022-02-19 14:18:01'),
(281, 26, 2460, 0, '2021-12-05', NULL, '2022-02-19 14:33:14', '2022-02-19 14:33:14'),
(282, 120, 5040, 0, '2021-12-05', NULL, '2022-02-19 14:49:34', '2022-02-19 14:49:34'),
(283, 18, 6640, 0, '2021-12-05', NULL, '2022-02-19 14:51:51', '2022-02-19 14:51:51'),
(284, 59, 1630, 0, '2021-12-05', NULL, '2022-02-19 14:53:11', '2022-02-19 14:53:11'),
(285, 5, 4130, 0, '2021-12-19', NULL, '2022-02-19 15:07:44', '2022-02-19 15:07:44'),
(286, 4, 3220, 0, '2021-12-19', NULL, '2022-02-19 15:10:28', '2022-02-19 15:10:28'),
(287, 6, 1630, 0, '2021-12-19', NULL, '2022-02-19 15:13:26', '2022-02-19 15:13:26'),
(288, 43, 29220, 0, '2021-12-19', NULL, '2022-02-19 15:18:39', '2022-02-19 15:18:39'),
(289, 59, 910, 0, '2021-12-19', NULL, '2022-02-19 15:21:00', '2022-02-19 15:21:00'),
(290, 21, 5690, 0, '2021-12-19', NULL, '2022-02-19 15:23:17', '2022-02-19 15:23:17'),
(291, 9, 9803, 0, '2021-12-19', NULL, '2022-02-19 15:31:16', '2022-02-19 15:31:16'),
(292, 20, 4450, 0, '2021-12-19', NULL, '2022-02-19 15:33:06', '2022-02-19 15:33:06'),
(293, 33, 3200, 0, '2021-12-19', NULL, '2022-02-19 15:37:42', '2022-02-19 15:37:42'),
(294, 22, 67170, 0, '2021-12-19', NULL, '2022-02-19 15:40:37', '2022-02-19 15:40:37'),
(295, 24, 1720, 0, '2021-12-19', NULL, '2022-02-19 15:47:29', '2022-02-19 15:47:29'),
(296, 32, 2050, 0, '2021-12-19', NULL, '2022-02-19 15:49:08', '2022-02-19 15:49:08'),
(297, 29, 1820, 0, '2021-12-19', NULL, '2022-02-19 15:51:35', '2022-02-19 15:51:35'),
(298, 34, 10900, 0, '2021-12-19', NULL, '2022-02-19 15:53:57', '2022-02-19 15:53:57'),
(299, 84, 10490, 0, '2021-12-19', NULL, '2022-02-19 15:59:08', '2022-02-19 15:59:08'),
(300, 3, 1920, 0, '2021-12-19', NULL, '2022-02-19 16:00:20', '2022-02-19 16:00:20'),
(301, 85, 23080, 0, '2021-12-19', NULL, '2022-02-19 16:03:26', '2022-02-19 16:03:26'),
(302, 120, 4620, 0, '2021-12-19', NULL, '2022-02-19 16:15:32', '2022-02-19 16:15:32'),
(303, 146, 3330, 0, '2021-12-19', NULL, '2022-02-19 16:16:46', '2022-02-19 16:16:46'),
(304, 151, 5720, 0, '2021-12-19', NULL, '2022-02-19 16:17:29', '2022-02-19 16:17:29'),
(305, 147, 1245, 0, '2021-12-19', NULL, '2022-02-19 16:18:53', '2022-02-19 16:18:53'),
(306, 48, 4400, 0, '2021-12-19', NULL, '2022-02-19 16:24:13', '2022-02-19 16:24:13'),
(307, 101, 5270, 0, '2021-12-19', NULL, '2022-02-19 16:25:26', '2022-02-19 16:25:26'),
(308, 28, 7763, 0, '2021-12-19', NULL, '2022-02-19 16:27:38', '2022-02-19 16:27:38'),
(309, 26, 3560, 0, '2021-12-19', NULL, '2022-02-19 16:29:16', '2022-02-19 16:29:16'),
(310, 111, 8400, 0, '2021-12-19', NULL, '2022-02-19 16:31:03', '2022-02-19 16:31:03'),
(311, 18, 12440, 0, '2021-12-19', NULL, '2022-02-19 16:33:53', '2022-02-19 16:33:53'),
(312, 35, 2900, 0, '2021-12-19', NULL, '2022-02-19 16:34:42', '2022-02-19 16:34:42'),
(313, 53, 580, 0, '2021-12-19', NULL, '2022-02-19 16:35:27', '2022-02-19 16:35:27'),
(314, 87, 5420, 0, '2021-12-19', NULL, '2022-02-19 16:36:15', '2022-02-19 16:36:15'),
(315, 46, 0, 17000, '2021-12-19', 'penarikan dana tabungan', '2022-02-19 16:38:06', '2022-02-19 16:38:06'),
(316, 5, 2843, 0, '2022-01-02', NULL, '2022-02-20 03:49:32', '2022-02-20 03:49:32'),
(317, 4, 15160, 0, '2022-01-02', NULL, '2022-02-20 03:51:24', '2022-02-20 03:51:24'),
(318, 6, 540, 0, '2022-01-02', NULL, '2022-02-20 03:52:56', '2022-02-20 03:52:56'),
(319, 18, 8210, 0, '2022-01-02', NULL, '2022-02-20 03:55:58', '2022-02-20 03:55:58'),
(320, 24, 4810, 0, '2022-01-02', NULL, '2022-02-20 03:57:50', '2022-02-20 03:57:50'),
(321, 9, 18290, 0, '2022-01-02', NULL, '2022-02-20 04:01:00', '2022-02-20 04:01:00'),
(322, 152, 3000, 0, '2022-01-02', NULL, '2022-02-20 04:02:15', '2022-02-20 04:02:15'),
(323, 153, 6885, 0, '2022-01-02', NULL, '2022-02-20 04:03:47', '2022-02-20 04:03:47'),
(324, 59, 615, 0, '2022-01-02', NULL, '2022-02-20 04:05:01', '2022-02-20 04:05:01'),
(325, 37, 4930, 0, '2022-01-02', NULL, '2022-02-20 04:06:06', '2022-02-20 04:06:06'),
(326, 21, 4330, 0, '2022-01-02', NULL, '2022-02-20 04:07:41', '2022-02-20 04:07:41'),
(327, 34, 17790, 0, '2022-01-02', NULL, '2022-02-20 04:10:11', '2022-02-20 04:10:11'),
(328, 150, 9040, 0, '2022-01-02', NULL, '2022-02-20 04:11:13', '2022-02-20 04:11:13'),
(329, 151, 7040, 0, '2022-01-02', NULL, '2022-02-20 04:11:54', '2022-02-20 04:11:54'),
(330, 32, 2235, 0, '2022-01-02', NULL, '2022-02-20 04:14:37', '2022-02-20 04:14:37'),
(331, 54, 2080, 0, '2022-01-02', NULL, '2022-02-20 04:16:14', '2022-02-20 04:16:14'),
(332, 35, 8820, 0, '2022-01-02', NULL, '2022-02-20 04:17:31', '2022-02-20 04:17:31'),
(333, 3, 4780, 0, '2022-01-02', NULL, '2022-02-20 04:18:41', '2022-02-20 04:18:41'),
(334, 43, 2420, 0, '2022-01-02', NULL, '2022-02-20 04:19:33', '2022-02-20 04:19:33'),
(335, 131, 11080, 0, '2022-01-02', NULL, '2022-02-20 04:23:15', '2022-02-20 04:23:15'),
(336, 130, 18480, 0, '2022-01-02', NULL, '2022-02-20 04:25:01', '2022-02-20 04:25:01'),
(337, 26, 2890, 0, '2022-01-02', NULL, '2022-02-20 04:26:12', '2022-02-20 04:26:12'),
(338, 28, 1540, 0, '2022-01-02', NULL, '2022-02-20 04:29:03', '2022-02-20 04:29:03'),
(339, 101, 2640, 0, '2022-01-02', NULL, '2022-02-20 04:30:52', '2022-02-20 04:30:52'),
(340, 111, 2520, 0, '2022-01-02', NULL, '2022-02-20 04:34:41', '2022-02-20 04:34:41'),
(341, 146, 11860, 0, '2022-01-02', NULL, '2022-02-20 04:35:46', '2022-02-20 04:35:46'),
(342, 147, 6160, 0, '2022-01-02', NULL, '2022-02-20 04:45:14', '2022-02-20 04:45:14'),
(343, 48, 3720, 0, '2022-01-02', NULL, '2022-02-20 04:47:21', '2022-02-20 04:47:21'),
(344, 120, 3060, 0, '2022-01-02', NULL, '2022-02-20 04:48:21', '2022-02-20 04:48:21'),
(345, 85, 9290, 0, '2022-01-02', NULL, '2022-02-20 04:49:07', '2022-02-20 04:49:07'),
(346, 150, 8160, 0, '2022-01-16', NULL, '2022-02-20 10:57:31', '2022-02-20 10:57:31'),
(347, 130, 17690, 0, '2022-01-16', NULL, '2022-02-20 11:00:16', '2022-02-20 11:00:16'),
(348, 29, 2970, 0, '2022-01-16', NULL, '2022-02-20 11:07:30', '2022-02-20 11:07:30'),
(349, 153, 16200, 0, '2022-01-16', NULL, '2022-02-20 11:19:53', '2022-02-20 11:19:53'),
(350, 5, 2030, 0, '2022-01-16', NULL, '2022-02-20 11:21:21', '2022-02-20 11:21:21'),
(351, 4, 8430, 0, '2022-01-16', NULL, '2022-02-20 11:23:19', '2022-02-20 11:23:19'),
(352, 6, 1960, 0, '2022-01-16', NULL, '2022-02-20 15:11:16', '2022-02-20 15:11:16'),
(353, 87, 11730, 0, '2022-01-16', NULL, '2022-02-20 15:13:10', '2022-02-20 15:13:10'),
(354, 43, 2550, 0, '2022-01-16', NULL, '2022-02-20 15:13:53', '2022-02-20 15:13:53'),
(355, 126, 2630, 0, '2022-01-16', NULL, '2022-02-20 15:15:15', '2022-02-20 15:15:15'),
(356, 71, 2180, 0, '2022-01-16', NULL, '2022-02-20 15:17:20', '2022-02-20 15:17:20'),
(357, 24, 1870, 0, '2022-01-16', NULL, '2022-02-20 15:18:46', '2022-02-20 15:18:46'),
(358, 77, 11930, 0, '2022-01-16', NULL, '2022-02-20 15:22:47', '2022-02-20 15:22:47'),
(359, 35, 3160, 0, '2022-01-16', NULL, '2022-02-20 15:24:24', '2022-02-20 15:24:24'),
(360, 32, 2055, 0, '2022-01-16', NULL, '2022-02-20 15:26:39', '2022-02-20 15:26:39'),
(361, 34, 6790, 0, '2022-01-16', NULL, '2022-02-20 15:29:19', '2022-02-20 15:29:19'),
(362, 9, 11570, 0, '2022-01-16', NULL, '2022-02-20 15:30:22', '2022-02-20 15:30:22'),
(363, 85, 22978, 0, '2022-01-16', NULL, '2022-02-20 15:33:14', '2022-02-20 15:33:14'),
(364, 59, 640, 0, '2022-01-16', NULL, '2022-02-20 15:34:07', '2022-02-20 15:34:07'),
(365, 101, 10260, 0, '2022-01-16', NULL, '2022-02-20 15:39:53', '2022-02-20 15:39:53'),
(366, 111, 10830, 0, '2022-01-16', NULL, '2022-02-20 15:41:54', '2022-02-20 15:41:54'),
(367, 28, 8260, 0, '2022-01-16', NULL, '2022-02-20 15:44:19', '2022-02-20 15:44:19'),
(368, 120, 12683, 0, '2022-01-16', NULL, '2022-02-20 15:47:38', '2022-02-20 15:47:38'),
(369, 48, 15150, 0, '2022-01-16', NULL, '2022-02-20 15:50:15', '2022-02-20 15:50:15'),
(370, 18, 25610, 0, '2022-01-16', NULL, '2022-02-20 15:52:24', '2022-02-20 15:52:24'),
(371, 146, 27180, 0, '2022-01-16', NULL, '2022-02-20 15:55:15', '2022-02-20 15:55:15'),
(372, 147, 3490, 0, '2022-01-16', NULL, '2022-02-20 15:56:56', '2022-02-20 15:56:56'),
(373, 26, 11980, 0, '2022-01-16', NULL, '2022-02-20 16:00:28', '2022-02-20 16:00:28'),
(374, 6, 3490, 0, '2022-02-06', NULL, '2022-02-21 04:17:16', '2022-02-21 04:17:16'),
(375, 71, 3090, 0, '2022-02-06', NULL, '2022-02-21 04:19:17', '2022-02-21 04:19:17'),
(376, 34, 14760, 0, '2022-02-06', NULL, '2022-02-21 04:21:09', '2022-02-21 04:21:09'),
(377, 22, 30370, 0, '2022-02-06', NULL, '2022-02-21 04:22:53', '2022-02-21 04:22:53'),
(378, 47, 1650, 0, '2022-02-06', NULL, '2022-02-21 04:24:04', '2022-02-21 04:24:04'),
(379, 131, 2750, 0, '2022-02-06', NULL, '2022-02-21 04:25:56', '2022-02-21 04:25:56'),
(380, 24, 3880, 0, '2022-02-06', NULL, '2022-02-21 04:28:02', '2022-02-21 04:28:02'),
(381, 130, 5850, 0, '2022-02-06', NULL, '2022-02-21 04:30:59', '2022-02-21 04:30:59'),
(382, 32, 3695, 0, '2022-02-06', NULL, '2022-02-21 04:33:08', '2022-02-21 04:33:08'),
(383, 10, 29210, 0, '2022-02-06', NULL, '2022-02-21 04:35:19', '2022-02-21 04:35:19'),
(384, 53, 600, 0, '2022-02-06', NULL, '2022-02-21 04:45:02', '2022-02-21 04:45:02'),
(385, 43, 5980, 0, '2022-02-06', NULL, '2022-02-21 04:52:06', '2022-02-21 04:52:06'),
(386, 33, 3740, 0, '2022-02-06', NULL, '2022-02-21 04:53:40', '2022-02-21 04:53:40'),
(387, 84, 2760, 0, '2022-02-06', NULL, '2022-02-21 04:55:10', '2022-02-21 04:55:10'),
(388, 29, 14910, 0, '2022-02-06', NULL, '2022-02-21 04:56:52', '2022-02-21 04:56:52'),
(389, 132, 44080, 0, '2022-02-06', NULL, '2022-02-21 05:12:07', '2022-02-21 05:12:07'),
(390, 35, 13250, 0, '2022-02-06', NULL, '2022-02-21 05:21:44', '2022-02-21 05:21:44'),
(391, 3, 5080, 0, '2022-02-06', NULL, '2022-02-21 05:23:16', '2022-02-21 05:23:16'),
(392, 61, 50880, 0, '2022-02-06', NULL, '2022-02-21 05:25:10', '2022-02-21 05:25:10'),
(393, 5, 18765, 0, '2022-02-06', NULL, '2022-02-21 05:27:57', '2022-02-21 05:27:57'),
(394, 4, 10990, 0, '2022-02-06', NULL, '2022-02-21 05:31:59', '2022-02-21 05:31:59'),
(395, 85, 4830, 0, '2022-02-06', NULL, '2022-02-21 05:33:45', '2022-02-21 05:33:45'),
(396, 101, 6050, 0, '2022-02-06', NULL, '2022-02-21 05:35:05', '2022-02-21 05:35:05'),
(397, 111, 6380, 0, '2022-02-06', NULL, '2022-02-21 05:36:55', '2022-02-21 05:36:55'),
(398, 28, 15930, 0, '2022-02-06', NULL, '2022-02-21 05:48:23', '2022-02-21 05:48:23'),
(399, 59, 1200, 0, '2022-02-06', NULL, '2022-02-21 05:50:14', '2022-02-21 05:50:14'),
(400, 48, 18570, 0, '2022-02-06', NULL, '2022-02-21 05:52:33', '2022-02-21 05:52:33'),
(401, 146, 13490, 0, '2022-02-06', NULL, '2022-02-21 05:55:39', '2022-02-21 05:55:39'),
(402, 147, 7355, 0, '2022-02-06', NULL, '2022-02-21 06:06:22', '2022-02-21 06:06:22'),
(403, 26, 10300, 0, '2022-02-06', NULL, '2022-02-21 06:07:59', '2022-02-21 06:07:59'),
(404, 120, 19370, 0, '2022-02-06', NULL, '2022-02-21 06:15:19', '2022-02-21 06:15:19'),
(405, 18, 53980, 0, '2022-02-06', NULL, '2022-02-21 06:19:13', '2022-02-21 06:19:13'),
(406, 101, 0, 100000, '2022-02-06', 'tarik dana', '2022-02-21 06:19:53', '2022-02-21 06:19:53'),
(407, 111, 0, 100000, '2022-02-06', 'tarik dana', '2022-02-21 06:20:20', '2022-02-21 06:20:20'),
(408, 154, 2010, 0, '2022-02-20', NULL, '2022-02-21 11:43:12', '2022-02-21 11:43:12'),
(409, 130, 8890, 0, '2022-02-20', NULL, '2022-02-21 11:44:46', '2022-02-21 11:44:46'),
(410, 29, 7250, 0, '2022-02-20', NULL, '2022-02-21 11:46:05', '2022-02-21 11:46:05'),
(411, 6, 1720, 0, '2022-02-20', NULL, '2022-02-21 11:47:22', '2022-02-21 11:47:22'),
(412, 24, 3410, 0, '2022-02-20', NULL, '2022-02-21 11:58:47', '2022-02-21 11:58:47'),
(413, 34, 5900, 0, '2022-02-20', NULL, '2022-02-21 12:03:52', '2022-02-21 12:03:52'),
(414, 59, 800, 0, '2022-02-20', NULL, '2022-02-21 12:05:27', '2022-02-21 12:05:27'),
(415, 155, 4330, 0, '2022-02-20', NULL, '2022-02-21 12:11:00', '2022-02-21 12:11:00'),
(416, 32, 4405, 0, '2022-02-20', NULL, '2022-02-21 12:15:41', '2022-02-21 12:15:41'),
(417, 151, 6160, 0, '2022-02-20', NULL, '2022-02-21 12:17:30', '2022-02-21 12:17:30'),
(418, 4, 6780, 0, '2022-02-20', NULL, '2022-02-21 12:20:11', '2022-02-21 12:20:11'),
(419, 87, 4500, 0, '2022-02-20', NULL, '2022-02-21 12:21:54', '2022-02-21 12:21:54'),
(420, 5, 3900, 0, '2022-02-20', NULL, '2022-02-21 12:26:10', '2022-02-21 12:26:10'),
(421, 131, 4290, 0, '2022-02-20', NULL, '2022-02-21 12:37:03', '2022-02-21 12:37:03'),
(422, 21, 13423, 0, '2022-02-20', NULL, '2022-02-21 12:39:06', '2022-02-21 12:39:06'),
(423, 18, 5130, 0, '2022-02-20', NULL, '2022-02-21 12:41:19', '2022-02-21 12:41:19'),
(424, 85, 1500, 0, '2022-02-20', NULL, '2022-02-21 12:45:21', '2022-02-21 12:45:21'),
(425, 48, 4430, 0, '2022-02-20', NULL, '2022-02-21 12:46:27', '2022-02-21 12:46:27'),
(426, 101, 4410, 0, '2022-02-20', NULL, '2022-02-21 12:47:49', '2022-02-21 12:47:49'),
(427, 111, 3160, 0, '2022-02-20', NULL, '2022-02-21 12:48:43', '2022-02-21 12:48:43'),
(428, 26, 2420, 0, '2022-02-20', NULL, '2022-02-21 12:49:33', '2022-02-21 12:49:33'),
(429, 28, 2280, 0, '2022-02-20', NULL, '2022-02-21 12:50:22', '2022-02-21 12:50:22'),
(430, 120, 3650, 0, '2022-02-20', NULL, '2022-02-21 12:51:08', '2022-02-21 12:51:08'),
(431, 146, 3250, 0, '2022-02-20', NULL, '2022-02-21 12:52:21', '2022-02-21 12:52:21'),
(432, 147, 2020, 0, '2022-02-20', NULL, '2022-02-21 12:53:25', '2022-02-21 12:53:25'),
(433, 131, 0, 100000, '2022-02-20', 'tarik dana', '2022-02-21 12:54:05', '2022-02-21 12:54:05'),
(434, 5, 5368, 0, '2022-03-06', NULL, '2022-03-11 09:55:23', '2022-03-11 09:55:23'),
(435, 4, 18410, 0, '2022-03-06', NULL, '2022-03-11 10:00:21', '2022-03-11 10:00:21'),
(436, 6, 3470, 0, '2022-03-06', NULL, '2022-03-11 10:02:15', '2022-03-11 10:02:15'),
(437, 59, 1800, 0, '2022-03-06', NULL, '2022-03-11 10:04:27', '2022-03-11 10:04:27'),
(438, 29, 8320, 0, '2022-03-06', NULL, '2022-03-11 10:34:46', '2022-03-11 10:34:46'),
(439, 154, 2970, 0, '2022-03-06', NULL, '2022-03-11 10:36:44', '2022-03-11 10:36:44'),
(440, 131, 3320, 0, '2022-03-06', NULL, '2022-03-11 10:43:25', '2022-03-11 10:43:25'),
(441, 32, 1313, 0, '2022-03-06', NULL, '2022-03-11 10:45:16', '2022-03-11 10:45:16'),
(442, 9, 29340, 0, '2022-03-06', NULL, '2022-03-11 10:46:35', '2022-03-11 10:46:35'),
(443, 150, 23770, 0, '2022-03-06', NULL, '2022-03-11 10:48:43', '2022-03-11 10:48:43'),
(444, 71, 15600, 0, '2022-03-06', NULL, '2022-03-11 10:51:51', '2022-03-11 10:51:51'),
(445, 155, 12060, 0, '2022-03-06', NULL, '2022-03-11 10:59:23', '2022-03-11 10:59:23'),
(446, 52, 4540, 0, '2022-03-06', NULL, '2022-03-11 11:05:37', '2022-03-11 11:05:37'),
(447, 109, 785, 0, '2022-03-06', NULL, '2022-03-11 11:10:06', '2022-03-11 11:10:06'),
(448, 130, 6500, 0, '2022-03-06', NULL, '2022-03-11 11:18:03', '2022-03-11 11:18:03'),
(449, 35, 2770, 0, '2022-03-06', NULL, '2022-03-11 11:20:51', '2022-03-11 11:20:51'),
(450, 27, 640, 0, '2022-03-06', NULL, '2022-03-11 11:21:29', '2022-03-11 11:21:29'),
(451, 37, 15750, 0, '2022-03-06', NULL, '2022-03-11 11:22:00', '2022-03-11 11:22:00'),
(452, 38, 1800, 0, '2022-03-06', NULL, '2022-03-11 11:25:13', '2022-03-11 11:25:13'),
(453, 126, 1350, 0, '2022-03-06', NULL, '2022-03-11 11:25:45', '2022-03-11 11:25:45'),
(454, 2, 530, 0, '2022-03-06', NULL, '2022-03-11 11:28:11', '2022-03-11 11:28:11'),
(455, 18, 5245, 0, '2022-03-06', NULL, '2022-03-11 11:31:11', '2022-03-11 11:31:11'),
(456, 48, 9930, 0, '2022-03-06', NULL, '2022-03-11 11:32:36', '2022-03-11 11:32:36'),
(457, 85, 15980, 0, '2022-03-06', NULL, '2022-03-11 11:34:16', '2022-03-11 11:34:16'),
(458, 28, 1720, 0, '2022-03-06', NULL, '2022-03-11 11:35:31', '2022-03-11 11:35:31'),
(459, 26, 1820, 0, '2022-03-06', NULL, '2022-03-11 11:42:49', '2022-03-11 11:42:49'),
(460, 120, 1500, 0, '2022-03-06', NULL, '2022-03-11 11:43:55', '2022-03-11 11:43:55'),
(461, 146, 780, 0, '2022-03-06', NULL, '2022-03-11 11:47:49', '2022-03-11 11:47:49'),
(462, 111, 1405, 0, '2022-03-06', NULL, '2022-03-11 11:49:10', '2022-03-11 11:49:10'),
(463, 147, 2330, 0, '2022-03-06', NULL, '2022-03-11 11:55:50', '2022-03-11 11:55:50'),
(464, 101, 2990, 0, '2022-03-06', NULL, '2022-03-11 11:57:40', '2022-03-11 11:57:40'),
(465, 33, 0, 150000, '2022-03-06', 'penarikan dana', '2022-03-11 11:59:31', '2022-03-11 11:59:31'),
(466, 85, 0, 200000, '2022-03-06', NULL, '2022-03-11 12:00:17', '2022-03-11 12:00:17'),
(467, 3, 0, 30000, '2022-03-20', NULL, '2022-03-20 08:16:34', '2022-03-20 08:16:34'),
(468, 5, 1785, 0, '2022-03-20', NULL, '2022-03-24 12:19:15', '2022-03-24 12:19:15'),
(469, 4, 5640, 0, '2022-03-20', NULL, '2022-03-24 12:21:00', '2022-03-24 12:21:00'),
(470, 18, 5050, 0, '2022-03-20', NULL, '2022-03-24 12:28:21', '2022-03-24 12:28:21'),
(471, 85, 4010, 0, '2022-03-20', NULL, '2022-03-24 12:29:43', '2022-03-24 12:29:43'),
(472, 48, 7160, 0, '2022-03-20', NULL, '2022-03-24 12:31:23', '2022-03-24 12:31:23'),
(473, 26, 8120, 0, '2022-03-20', NULL, '2022-03-24 12:33:43', '2022-03-24 12:33:43'),
(474, 28, 5890, 0, '2022-03-20', NULL, '2022-03-24 12:36:02', '2022-03-24 12:36:02'),
(475, 147, 2740, 0, '2022-03-20', NULL, '2022-03-24 12:39:01', '2022-03-24 12:39:01'),
(476, 146, 2450, 0, '2022-03-20', NULL, '2022-03-24 12:40:30', '2022-03-24 12:40:30'),
(477, 59, 1800, 0, '2022-03-20', NULL, '2022-03-24 12:41:44', '2022-03-24 12:41:44'),
(478, 120, 2920, 0, '2022-03-20', NULL, '2022-03-24 12:43:11', '2022-03-24 12:43:11'),
(479, 111, 1780, 0, '2022-03-20', NULL, '2022-03-24 12:45:15', '2022-03-24 12:45:15'),
(480, 101, 4360, 0, '2022-03-20', NULL, '2022-03-24 12:46:33', '2022-03-24 12:46:33'),
(481, 84, 15745, 0, '2022-03-20', NULL, '2022-03-24 12:49:48', '2022-03-24 12:49:48'),
(482, 35, 4240, 0, '2022-03-20', NULL, '2022-03-24 12:50:47', '2022-03-24 12:50:47'),
(483, 32, 3105, 0, '2022-03-20', NULL, '2022-03-24 12:53:55', '2022-03-24 12:53:55'),
(484, 54, 11040, 0, '2022-03-20', NULL, '2022-03-24 12:56:33', '2022-03-24 12:56:33'),
(485, 29, 1400, 0, '2022-03-20', NULL, '2022-03-24 13:04:23', '2022-03-24 13:04:23'),
(486, 153, 3820, 0, '2022-03-20', NULL, '2022-03-24 13:05:52', '2022-03-24 13:05:52'),
(487, 157, 4200, 0, '2022-03-20', NULL, '2022-03-24 13:08:24', '2022-03-24 13:08:24'),
(488, 43, 2360, 0, '2022-03-20', NULL, '2022-03-24 13:20:58', '2022-03-24 13:20:58'),
(489, 34, 16310, 0, '2022-03-20', NULL, '2022-03-24 13:22:22', '2022-03-24 13:22:22'),
(490, 24, 12840, 0, '2022-03-20', NULL, '2022-03-24 13:23:56', '2022-03-24 13:23:56'),
(491, 155, 7535, 0, '2022-03-20', NULL, '2022-03-24 13:30:41', '2022-03-24 13:30:41'),
(492, 53, 280, 0, '2022-03-20', NULL, '2022-03-24 13:31:07', '2022-03-24 13:31:07'),
(493, 5, 3810, 0, '2022-04-03', NULL, '2022-04-07 11:35:56', '2022-04-07 11:35:56'),
(494, 4, 11970, 0, '2022-04-03', NULL, '2022-04-07 12:00:06', '2022-04-07 12:00:06'),
(495, 6, 1190, 0, '2022-04-03', NULL, '2022-04-07 12:02:23', '2022-04-07 12:02:23'),
(496, 85, 2300, 0, '2022-04-03', NULL, '2022-04-07 12:03:02', '2022-04-07 12:03:02'),
(497, 43, 520, 0, '2022-04-03', NULL, '2022-04-07 12:03:52', '2022-04-07 12:03:52'),
(498, 35, 33770, 0, '2022-04-03', NULL, '2022-04-07 12:07:54', '2022-04-07 12:07:54'),
(499, 154, 1830, 0, '2022-04-03', NULL, '2022-04-07 12:09:42', '2022-04-07 12:09:42'),
(500, 77, 24710, 0, '2022-04-03', NULL, '2022-04-07 12:16:06', '2022-04-07 12:16:06'),
(501, 54, 4570, 0, '2022-04-03', NULL, '2022-04-07 12:17:57', '2022-04-07 12:17:57'),
(502, 130, 41470, 0, '2022-04-03', NULL, '2022-04-07 12:19:21', '2022-04-07 12:19:21'),
(503, 160, 11705, 0, '2022-04-03', NULL, '2022-04-07 12:22:27', '2022-04-07 12:22:27'),
(504, 158, 21680, 0, '2022-04-03', NULL, '2022-04-07 12:28:51', '2022-04-07 12:28:51'),
(505, 34, 16360, 0, '2022-04-03', NULL, '2022-04-07 12:31:12', '2022-04-07 12:31:12'),
(506, 49, 12520, 0, '2022-04-03', NULL, '2022-04-07 12:32:42', '2022-04-07 12:32:42'),
(507, 21, 13350, 0, '2022-04-03', NULL, '2022-04-07 12:35:43', '2022-04-07 12:35:43'),
(508, 135, 13460, 0, '2022-04-03', NULL, '2022-04-07 13:19:36', '2022-04-07 13:19:36'),
(509, 33, 1620, 0, '2022-04-03', NULL, '2022-04-07 13:28:23', '2022-04-07 13:28:23'),
(510, 22, 1860, 0, '2022-04-03', NULL, '2022-04-07 13:29:46', '2022-04-07 13:29:46'),
(511, 109, 450, 0, '2022-04-03', NULL, '2022-04-07 13:30:15', '2022-04-07 13:30:15'),
(512, 29, 4350, 0, '2022-04-03', NULL, '2022-04-07 13:32:10', '2022-04-07 13:32:10'),
(513, 151, 4320, 0, '2022-04-03', NULL, '2022-04-07 13:34:07', '2022-04-07 13:34:07'),
(514, 71, 3850, 0, '2022-04-03', NULL, '2022-04-07 13:36:42', '2022-04-07 13:36:42'),
(515, 142, 1530, 0, '2022-04-03', NULL, '2022-04-07 13:37:39', '2022-04-07 13:37:39'),
(516, 27, 1450, 0, '2022-04-03', NULL, '2022-04-07 13:38:20', '2022-04-07 13:38:20'),
(517, 34, 4100, 0, '2022-04-03', NULL, '2022-04-07 13:43:33', '2022-04-07 13:43:33'),
(518, 150, 8120, 0, '2022-04-03', NULL, '2022-04-07 13:46:00', '2022-04-07 13:46:00'),
(519, 59, 820, 0, '2022-04-03', NULL, '2022-04-07 13:47:03', '2022-04-07 13:47:03'),
(520, 159, 15300, 0, '2022-04-03', NULL, '2022-04-07 13:49:05', '2022-04-07 13:49:05'),
(521, 101, 9510, 0, '2022-04-03', NULL, '2022-04-07 13:50:17', '2022-04-07 13:50:17'),
(522, 111, 3530, 0, '2022-04-03', NULL, '2022-04-07 13:52:13', '2022-04-07 13:52:13'),
(523, 146, 3290, 0, '2022-04-03', NULL, '2022-04-07 13:53:46', '2022-04-07 13:53:46'),
(524, 147, 2610, 0, '2022-04-03', NULL, '2022-04-07 13:56:30', '2022-04-07 13:56:30'),
(525, 28, 4830, 0, '2022-04-03', NULL, '2022-04-07 13:58:09', '2022-04-07 13:58:09'),
(526, 26, 2930, 0, '2022-04-03', NULL, '2022-04-07 13:59:45', '2022-04-07 13:59:45'),
(527, 48, 8740, 0, '2022-04-03', NULL, '2022-04-07 14:04:29', '2022-04-07 14:04:29'),
(528, 120, 4990, 0, '2022-04-03', NULL, '2022-04-07 14:08:26', '2022-04-07 14:08:26'),
(529, 18, 9060, 0, '2022-04-03', NULL, '2022-04-07 14:11:28', '2022-04-07 14:11:28'),
(530, 22, 0, 200000, '2022-04-03', 'tarik dana', '2022-04-07 14:12:53', '2022-04-07 14:12:53'),
(532, 5, 0, 0, '2022-04-11', 'test', '2022-04-11 04:25:02', '2022-04-11 04:25:02'),
(533, 4, 7300, 0, '2022-04-16', NULL, '2022-04-16 03:17:30', '2022-04-16 03:17:30'),
(534, 4, 0, 100000, '2022-04-16', 'test', '2022-04-16 03:22:57', '2022-04-16 03:22:57'),
(535, 4, 0, 600000, '2022-04-16', NULL, '2022-04-16 03:23:22', '2022-04-16 03:23:22');

-- --------------------------------------------------------

--
-- Struktur dari tabel `transaksis`
--

CREATE TABLE `transaksis` (
  `id` bigint(20) UNSIGNED NOT NULL,
  `admin` bigint(20) UNSIGNED NOT NULL,
  `user` bigint(20) UNSIGNED NOT NULL,
  `totalberat` double(8,2) NOT NULL,
  `totalharga` int(11) NOT NULL,
  `tanggal` date NOT NULL,
  `status` varchar(30) COLLATE utf8mb4_unicode_ci NOT NULL DEFAULT 'Sukses',
  `created_at` timestamp NULL DEFAULT NULL,
  `updated_at` timestamp NULL DEFAULT NULL
) ENGINE=InnoDB DEFAULT CHARSET=utf8mb4 COLLATE=utf8mb4_unicode_ci;

--
-- Dumping data untuk tabel `transaksis`
--

INSERT INTO `transaksis` (`id`, `admin`, `user`, `totalberat`, `totalharga`, `tanggal`, `status`, `created_at`, `updated_at`) VALUES
(5, 1, 5, 3.80, 4230, '2021-09-19', 'Sukses', '2022-02-18 06:34:44', '2022-02-18 06:34:44'),
(6, 1, 4, 1.90, 1770, '2021-09-19', 'Sukses', '2022-02-18 06:43:25', '2022-02-18 06:43:25'),
(7, 1, 6, 10.00, 9740, '2021-09-19', 'Sukses', '2022-02-18 06:50:32', '2022-02-18 06:50:32'),
(8, 1, 18, 4.51, 5580, '2021-09-19', 'Sukses', '2022-02-18 06:54:45', '2022-02-18 06:54:45'),
(9, 1, 48, 5.90, 18980, '2021-09-19', 'Sukses', '2022-02-18 06:57:05', '2022-02-18 06:57:05'),
(10, 1, 101, 5.60, 9280, '2021-09-19', 'Sukses', '2022-02-18 06:58:47', '2022-02-18 06:58:47'),
(11, 1, 120, 4.20, 13200, '2021-09-19', 'Sukses', '2022-02-18 07:00:35', '2022-02-18 07:00:35'),
(12, 1, 111, 2.40, 2630, '2021-09-19', 'Sukses', '2022-02-18 07:03:01', '2022-02-18 07:03:01'),
(13, 1, 146, 4.10, 2100, '2021-09-19', 'Sukses', '2022-02-18 07:05:18', '2022-02-18 07:05:18'),
(14, 1, 26, 5.90, 5750, '2021-09-19', 'Sukses', '2022-02-18 07:06:55', '2022-02-18 07:06:55'),
(15, 1, 59, 0.80, 800, '2021-09-19', 'Sukses', '2022-02-18 07:11:27', '2022-02-18 07:11:27'),
(16, 1, 28, 7.80, 10290, '2021-09-19', 'Sukses', '2022-02-18 07:13:16', '2022-02-18 07:13:16'),
(17, 1, 9, 2.90, 3070, '2021-09-19', 'Sukses', '2022-02-18 07:15:51', '2022-02-18 07:15:51'),
(18, 1, 2, 7.81, 8390, '2021-09-19', 'Sukses', '2022-02-18 07:19:57', '2022-02-18 07:19:57'),
(19, 1, 35, 3.80, 3890, '2021-09-19', 'Sukses', '2022-02-18 07:22:35', '2022-02-18 07:22:35'),
(20, 1, 147, 2.70, 2790, '2021-09-19', 'Sukses', '2022-02-18 07:24:34', '2022-02-18 07:24:34'),
(21, 1, 34, 3.60, 3600, '2021-09-19', 'Sukses', '2022-02-18 07:25:25', '2022-02-18 07:25:25'),
(22, 1, 43, 0.62, 683, '2021-09-19', 'Sukses', '2022-02-18 07:27:38', '2022-02-18 07:27:38'),
(23, 1, 10, 3.40, 4143, '2021-09-19', 'Sukses', '2022-02-18 07:29:52', '2022-02-18 07:29:52'),
(24, 1, 71, 0.90, 1580, '2021-09-19', 'Sukses', '2022-02-18 07:32:12', '2022-02-18 07:32:12'),
(25, 1, 5, 4.40, 4498, '2021-10-03', 'Sukses', '2022-02-18 07:42:43', '2022-02-18 07:42:43'),
(26, 1, 4, 1.31, 1810, '2021-10-03', 'Sukses', '2022-02-18 07:44:52', '2022-02-18 07:44:52'),
(27, 1, 48, 3.00, 4060, '2021-10-03', 'Sukses', '2022-02-18 07:47:39', '2022-02-18 07:47:39'),
(28, 1, 26, 2.40, 2490, '2021-10-03', 'Sukses', '2022-02-18 07:50:14', '2022-02-18 07:50:14'),
(29, 1, 28, 0.94, 1150, '2021-10-03', 'Sukses', '2022-02-18 07:51:58', '2022-02-18 07:51:58'),
(30, 1, 101, 2.23, 3610, '2021-10-03', 'Sukses', '2022-02-18 07:56:40', '2022-02-18 07:56:40'),
(31, 1, 85, 1.30, 2610, '2021-10-03', 'Sukses', '2022-02-18 08:00:41', '2022-02-18 08:00:41'),
(32, 1, 18, 4.80, 6470, '2021-10-03', 'Sukses', '2022-02-18 08:05:11', '2022-02-18 08:05:11'),
(33, 1, 111, 1.51, 3110, '2021-10-03', 'Sukses', '2022-02-18 08:07:06', '2022-02-18 08:07:06'),
(34, 1, 120, 1.10, 1430, '2021-10-03', 'Sukses', '2022-02-18 08:08:50', '2022-02-18 08:08:50'),
(35, 1, 146, 1.00, 1010, '2021-10-03', 'Sukses', '2022-02-18 08:11:06', '2022-02-18 08:11:06'),
(36, 1, 147, 1.00, 1303, '2021-10-03', 'Sukses', '2022-02-18 08:13:23', '2022-02-18 08:13:23'),
(37, 1, 87, 6.81, 11200, '2021-10-03', 'Sukses', '2022-02-18 08:17:38', '2022-02-18 08:17:38'),
(38, 1, 54, 2.00, 1160, '2021-10-03', 'Sukses', '2022-02-18 08:20:10', '2022-02-18 08:20:10'),
(39, 1, 24, 3.50, 8430, '2021-10-03', 'Sukses', '2022-02-18 08:23:34', '2022-02-18 08:23:34'),
(40, 1, 130, 1.30, 1950, '2021-10-03', 'Sukses', '2022-02-18 08:24:45', '2022-02-18 08:24:45'),
(41, 1, 52, 7.22, 5310, '2021-10-03', 'Sukses', '2022-02-18 08:27:10', '2022-02-18 08:27:10'),
(42, 1, 37, 24.50, 32540, '2021-10-03', 'Sukses', '2022-02-18 08:29:41', '2022-02-18 08:29:41'),
(43, 1, 59, 1.90, 2600, '2021-10-03', 'Sukses', '2022-02-18 08:31:02', '2022-02-18 08:31:02'),
(44, 1, 32, 1.00, 1060, '2021-10-03', 'Sukses', '2022-02-18 08:33:22', '2022-02-18 08:33:22'),
(45, 1, 84, 3.80, 4340, '2021-10-03', 'Sukses', '2022-02-18 08:34:40', '2022-02-18 08:34:40'),
(46, 1, 53, 0.40, 160, '2021-10-03', 'Sukses', '2022-02-18 08:35:28', '2022-02-18 08:35:28'),
(47, 1, 34, 7.50, 9390, '2021-10-03', 'Sukses', '2022-02-18 08:43:45', '2022-02-18 08:43:45'),
(48, 1, 142, 1.30, 2010, '2021-10-03', 'Sukses', '2022-02-18 08:45:30', '2022-02-18 08:45:30'),
(49, 1, 21, 8.90, 8895, '2021-10-03', 'Sukses', '2022-02-18 08:49:41', '2022-02-18 08:49:41'),
(50, 1, 6, 2.90, 2600, '2021-10-03', 'Sukses', '2022-02-18 08:51:32', '2022-02-18 08:51:32'),
(51, 1, 43, 1.50, 1650, '2021-10-03', 'Sukses', '2022-02-18 08:52:42', '2022-02-18 08:52:42'),
(52, 1, 35, 8.20, 8850, '2021-10-03', 'Sukses', '2022-02-18 08:53:47', '2022-02-18 08:53:47'),
(53, 1, 77, 14.90, 15000, '2021-10-17', 'Sukses', '2022-02-18 10:31:57', '2022-02-18 10:31:57'),
(54, 1, 5, 2.10, 2220, '2021-10-17', 'Sukses', '2022-02-18 10:33:18', '2022-02-18 10:33:18'),
(55, 1, 4, 5.00, 3810, '2021-10-17', 'Sukses', '2022-02-18 10:36:06', '2022-02-18 10:36:06'),
(56, 1, 6, 1.90, 1660, '2021-10-17', 'Sukses', '2022-02-18 10:37:52', '2022-02-18 10:37:52'),
(57, 1, 9, 2.40, 2350, '2021-10-17', 'Sukses', '2022-02-18 10:40:20', '2022-02-18 10:40:20'),
(58, 1, 29, 2.84, 3570, '2021-10-17', 'Sukses', '2022-02-18 10:41:46', '2022-02-18 10:41:46'),
(59, 1, 21, 2.61, 2940, '2021-10-17', 'Sukses', '2022-02-18 10:44:22', '2022-02-18 10:44:22'),
(60, 1, 71, 1.20, 1320, '2021-10-17', 'Sukses', '2022-02-18 10:47:00', '2022-02-18 10:47:00'),
(61, 1, 24, 3.50, 3440, '2021-10-17', 'Sukses', '2022-02-18 10:48:45', '2022-02-18 10:48:45'),
(62, 1, 130, 3.00, 3800, '2021-10-17', 'Sukses', '2022-02-18 10:51:04', '2022-02-18 10:51:04'),
(63, 1, 37, 2.80, 3400, '2021-10-17', 'Sukses', '2022-02-18 10:52:39', '2022-02-18 10:52:39'),
(64, 1, 2, 8.20, 7880, '2021-10-17', 'Sukses', '2022-02-18 10:54:17', '2022-02-18 10:54:17'),
(65, 1, 34, 2.60, 1055, '2021-10-17', 'Sukses', '2022-02-18 10:56:30', '2022-02-18 10:56:30'),
(66, 1, 150, 3.10, 5060, '2021-10-17', 'Sukses', '2022-02-18 10:58:24', '2022-02-18 10:58:24'),
(67, 1, 32, 2.50, 2743, '2021-10-17', 'Sukses', '2022-02-18 11:05:56', '2022-02-18 11:05:56'),
(68, 1, 59, 0.90, 910, '2021-10-17', 'Sukses', '2022-02-18 11:07:50', '2022-02-18 11:07:50'),
(69, 1, 120, 2.30, 3580, '2021-10-17', 'Sukses', '2022-02-18 11:09:06', '2022-02-18 11:09:06'),
(70, 1, 26, 0.70, 650, '2021-10-17', 'Sukses', '2022-02-18 11:10:19', '2022-02-18 11:10:19'),
(71, 1, 28, 1.30, 1760, '2021-10-17', 'Sukses', '2022-02-18 11:11:52', '2022-02-18 11:11:52'),
(72, 1, 146, 1.60, 2760, '2021-10-17', 'Sukses', '2022-02-18 11:14:11', '2022-02-18 11:14:11'),
(73, 1, 147, 0.80, 1130, '2021-10-17', 'Sukses', '2022-02-18 11:23:41', '2022-02-18 11:23:41'),
(74, 1, 48, 2.80, 3840, '2021-10-17', 'Sukses', '2022-02-18 11:25:10', '2022-02-18 11:25:10'),
(75, 1, 126, 1.20, 1720, '2021-10-17', 'Sukses', '2022-02-18 11:26:14', '2022-02-18 11:26:14'),
(76, 1, 18, 4.40, 8440, '2021-10-17', 'Sukses', '2022-02-18 11:28:42', '2022-02-18 11:28:42'),
(77, 1, 111, 1.70, 2130, '2021-10-17', 'Sukses', '2022-02-18 11:31:39', '2022-02-18 11:31:39'),
(78, 1, 101, 2.40, 3390, '2021-10-17', 'Sukses', '2022-02-18 11:32:56', '2022-02-18 11:32:56'),
(79, 1, 5, 7.50, 9230, '2021-11-07', 'Sukses', '2022-02-18 11:38:05', '2022-02-18 11:38:05'),
(80, 1, 4, 25.20, 44130, '2021-11-07', 'Sukses', '2022-02-18 11:41:45', '2022-02-18 11:41:45'),
(81, 1, 48, 4.60, 4890, '2021-11-07', 'Sukses', '2022-02-18 11:48:03', '2022-02-18 11:48:03'),
(82, 1, 26, 3.40, 4170, '2021-11-07', 'Sukses', '2022-02-18 11:50:30', '2022-02-18 11:50:30'),
(83, 1, 28, 3.90, 4570, '2021-11-07', 'Sukses', '2022-02-18 11:51:58', '2022-02-18 11:51:58'),
(84, 1, 146, 2.60, 2670, '2021-11-07', 'Sukses', '2022-02-18 11:58:28', '2022-02-18 11:58:28'),
(85, 1, 147, 1.90, 2710, '2021-11-07', 'Sukses', '2022-02-18 11:59:35', '2022-02-18 11:59:35'),
(86, 1, 101, 3.30, 4030, '2021-11-07', 'Sukses', '2022-02-18 12:01:52', '2022-02-18 12:01:52'),
(87, 1, 120, 3.10, 4570, '2021-11-07', 'Sukses', '2022-02-18 12:03:21', '2022-02-18 12:03:21'),
(88, 1, 85, 2.50, 5440, '2021-11-07', 'Sukses', '2022-02-18 12:04:49', '2022-02-18 12:04:49'),
(89, 1, 111, 4.80, 6200, '2021-11-07', 'Sukses', '2022-02-18 12:07:00', '2022-02-18 12:07:00'),
(90, 1, 18, 7.03, 7920, '2021-11-07', 'Sukses', '2022-02-18 12:09:53', '2022-02-18 12:09:53'),
(91, 1, 59, 1.30, 1780, '2021-11-07', 'Sukses', '2022-02-18 12:12:05', '2022-02-18 12:12:05'),
(92, 1, 34, 23.30, 19000, '2021-11-07', 'Sukses', '2022-02-18 12:13:48', '2022-02-18 12:13:48'),
(93, 1, 29, 1.10, 1580, '2021-11-07', 'Sukses', '2022-02-18 12:15:19', '2022-02-18 12:15:19'),
(94, 1, 35, 21.82, 28280, '2021-11-07', 'Sukses', '2022-02-18 12:25:03', '2022-02-18 12:25:03'),
(95, 1, 131, 6.11, 5500, '2021-11-07', 'Sukses', '2022-02-18 12:28:14', '2022-02-18 12:28:14'),
(96, 1, 6, 2.21, 2525, '2021-11-07', 'Sukses', '2022-02-18 12:30:14', '2022-02-18 12:30:14'),
(97, 1, 71, 3.20, 3830, '2021-11-07', 'Sukses', '2022-02-18 12:31:47', '2022-02-18 12:31:47'),
(98, 1, 22, 25.53, 31550, '2021-11-07', 'Sukses', '2022-02-18 12:33:11', '2022-02-18 12:33:11'),
(99, 1, 84, 12.40, 14410, '2021-11-07', 'Sukses', '2022-02-18 12:35:07', '2022-02-18 12:35:07'),
(100, 1, 32, 3.31, 4350, '2021-11-07', 'Sukses', '2022-02-18 12:40:13', '2022-02-18 12:40:13'),
(101, 1, 43, 2.30, 2310, '2021-11-07', 'Sukses', '2022-02-18 12:41:38', '2022-02-18 12:41:38'),
(102, 1, 130, 2.10, 3150, '2021-11-07', 'Sukses', '2022-02-18 12:43:10', '2022-02-18 12:43:10'),
(103, 1, 151, 40.00, 44000, '2021-11-07', 'Sukses', '2022-02-18 12:43:49', '2022-02-18 12:43:49'),
(104, 1, 53, 0.60, 240, '2021-11-07', 'Sukses', '2022-02-18 12:44:29', '2022-02-18 12:44:29'),
(105, 1, 24, 2.20, 2390, '2021-11-07', 'Sukses', '2022-02-18 12:46:36', '2022-02-18 12:46:36'),
(106, 1, 5, 5.13, 5210, '2021-12-05', 'Sukses', '2022-02-19 12:10:46', '2022-02-19 12:10:46'),
(107, 1, 4, 6.70, 7500, '2021-12-05', 'Sukses', '2022-02-19 12:13:51', '2022-02-19 12:13:51'),
(108, 1, 6, 10.50, 7940, '2021-12-05', 'Sukses', '2022-02-19 12:19:41', '2022-02-19 12:19:41'),
(109, 1, 151, 12.50, 26210, '2021-12-05', 'Sukses', '2022-02-19 12:21:46', '2022-02-19 12:21:46'),
(110, 1, 77, 13.70, 17480, '2021-12-05', 'Sukses', '2022-02-19 12:24:36', '2022-02-19 12:24:36'),
(111, 1, 24, 4.61, 5190, '2021-12-05', 'Sukses', '2022-02-19 13:35:35', '2022-02-19 13:35:35'),
(112, 1, 21, 7.30, 7790, '2021-12-05', 'Sukses', '2022-02-19 13:38:34', '2022-02-19 13:38:34'),
(113, 1, 150, 7.70, 11630, '2021-12-05', 'Sukses', '2022-02-19 13:39:44', '2022-02-19 13:39:44'),
(114, 1, 131, 5.10, 5110, '2021-12-05', 'Sukses', '2022-02-19 13:42:04', '2022-02-19 13:42:04'),
(115, 1, 34, 7.40, 9310, '2021-12-05', 'Sukses', '2022-02-19 13:45:55', '2022-02-19 13:45:55'),
(116, 1, 87, 2.80, 6340, '2021-12-05', 'Sukses', '2022-02-19 13:49:06', '2022-02-19 13:49:06'),
(117, 1, 32, 6.60, 8040, '2021-12-05', 'Sukses', '2022-02-19 13:53:19', '2022-02-19 13:53:19'),
(118, 1, 29, 4.71, 6720, '2021-12-05', 'Sukses', '2022-02-19 13:55:16', '2022-02-19 13:55:16'),
(119, 1, 20, 3.61, 4120, '2021-12-05', 'Sukses', '2022-02-19 13:56:58', '2022-02-19 13:56:58'),
(120, 1, 35, 2.60, 2620, '2021-12-05', 'Sukses', '2022-02-19 13:58:02', '2022-02-19 13:58:02'),
(121, 1, 22, 10.90, 14920, '2021-12-05', 'Sukses', '2022-02-19 13:59:41', '2022-02-19 13:59:41'),
(122, 1, 130, 14.30, 12570, '2021-12-05', 'Sukses', '2022-02-19 14:00:58', '2022-02-19 14:00:58'),
(123, 1, 126, 1.10, 1310, '2021-12-05', 'Sukses', '2022-02-19 14:01:56', '2022-02-19 14:01:56'),
(124, 1, 85, 2.20, 4030, '2021-12-05', 'Sukses', '2022-02-19 14:05:06', '2022-02-19 14:05:06'),
(125, 1, 146, 1.60, 2723, '2021-12-05', 'Sukses', '2022-02-19 14:06:24', '2022-02-19 14:06:24'),
(126, 1, 147, 2.50, 1400, '2021-12-05', 'Sukses', '2022-02-19 14:09:02', '2022-02-19 14:09:02'),
(127, 1, 111, 1.42, 1770, '2021-12-05', 'Sukses', '2022-02-19 14:13:17', '2022-02-19 14:13:17'),
(128, 1, 101, 2.90, 3690, '2021-12-05', 'Sukses', '2022-02-19 14:15:21', '2022-02-19 14:15:21'),
(129, 1, 28, 4.70, 4790, '2021-12-05', 'Sukses', '2022-02-19 14:16:55', '2022-02-19 14:16:55'),
(130, 1, 48, 4.10, 6120, '2021-12-05', 'Sukses', '2022-02-19 14:18:01', '2022-02-19 14:18:01'),
(131, 1, 26, 1.40, 2460, '2021-12-05', 'Sukses', '2022-02-19 14:33:14', '2022-02-19 14:33:14'),
(132, 1, 120, 2.00, 5040, '2021-12-05', 'Sukses', '2022-02-19 14:49:34', '2022-02-19 14:49:34'),
(133, 1, 18, 2.80, 6640, '2021-12-05', 'Sukses', '2022-02-19 14:51:51', '2022-02-19 14:51:51'),
(134, 1, 59, 2.20, 1630, '2021-12-05', 'Sukses', '2022-02-19 14:53:11', '2022-02-19 14:53:11'),
(135, 1, 5, 4.10, 4130, '2021-12-19', 'Sukses', '2022-02-19 15:07:44', '2022-02-19 15:07:44'),
(136, 1, 4, 3.00, 3220, '2021-12-19', 'Sukses', '2022-02-19 15:10:28', '2022-02-19 15:10:28'),
(137, 1, 6, 2.20, 1630, '2021-12-19', 'Sukses', '2022-02-19 15:13:26', '2022-02-19 15:13:26'),
(138, 1, 43, 7.90, 29220, '2021-12-19', 'Sukses', '2022-02-19 15:18:39', '2022-02-19 15:18:39'),
(139, 1, 59, 0.80, 910, '2021-12-19', 'Sukses', '2022-02-19 15:20:59', '2022-02-19 15:20:59'),
(140, 1, 21, 6.53, 5690, '2021-12-19', 'Sukses', '2022-02-19 15:23:17', '2022-02-19 15:23:17'),
(141, 1, 9, 15.61, 9803, '2021-12-19', 'Sukses', '2022-02-19 15:31:15', '2022-02-19 15:31:15'),
(142, 1, 20, 4.70, 4450, '2021-12-19', 'Sukses', '2022-02-19 15:33:06', '2022-02-19 15:33:06'),
(143, 1, 33, 3.80, 3200, '2021-12-19', 'Sukses', '2022-02-19 15:37:41', '2022-02-19 15:37:41'),
(144, 1, 22, 30.50, 67170, '2021-12-19', 'Sukses', '2022-02-19 15:40:36', '2022-02-19 15:40:36'),
(145, 1, 24, 1.70, 1720, '2021-12-19', 'Sukses', '2022-02-19 15:47:28', '2022-02-19 15:47:28'),
(146, 1, 32, 1.60, 2050, '2021-12-19', 'Sukses', '2022-02-19 15:49:07', '2022-02-19 15:49:07'),
(147, 1, 29, 1.70, 1820, '2021-12-19', 'Sukses', '2022-02-19 15:51:34', '2022-02-19 15:51:34'),
(148, 1, 34, 9.80, 10900, '2021-12-19', 'Sukses', '2022-02-19 15:53:56', '2022-02-19 15:53:56'),
(149, 1, 84, 8.70, 10490, '2021-12-19', 'Sukses', '2022-02-19 15:59:08', '2022-02-19 15:59:08'),
(150, 1, 3, 2.30, 1920, '2021-12-19', 'Sukses', '2022-02-19 16:00:20', '2022-02-19 16:00:20'),
(151, 1, 85, 17.20, 23080, '2021-12-19', 'Sukses', '2022-02-19 16:03:26', '2022-02-19 16:03:26'),
(152, 1, 120, 2.90, 4620, '2021-12-19', 'Sukses', '2022-02-19 16:15:32', '2022-02-19 16:15:32'),
(153, 1, 146, 2.70, 3330, '2021-12-19', 'Sukses', '2022-02-19 16:16:46', '2022-02-19 16:16:46'),
(154, 1, 151, 5.20, 5720, '2021-12-19', 'Sukses', '2022-02-19 16:17:29', '2022-02-19 16:17:29'),
(155, 1, 147, 1.50, 1245, '2021-12-19', 'Sukses', '2022-02-19 16:18:53', '2022-02-19 16:18:53'),
(156, 1, 48, 4.30, 4400, '2021-12-19', 'Sukses', '2022-02-19 16:24:13', '2022-02-19 16:24:13'),
(157, 1, 101, 3.92, 5270, '2021-12-19', 'Sukses', '2022-02-19 16:25:25', '2022-02-19 16:25:25'),
(158, 1, 28, 6.50, 7763, '2021-12-19', 'Sukses', '2022-02-19 16:27:38', '2022-02-19 16:27:38'),
(159, 1, 26, 4.00, 3560, '2021-12-19', 'Sukses', '2022-02-19 16:29:16', '2022-02-19 16:29:16'),
(160, 1, 111, 6.40, 8400, '2021-12-19', 'Sukses', '2022-02-19 16:31:03', '2022-02-19 16:31:03'),
(161, 1, 18, 9.90, 12440, '2021-12-19', 'Sukses', '2022-02-19 16:33:53', '2022-02-19 16:33:53'),
(162, 1, 35, 3.80, 2900, '2021-12-19', 'Sukses', '2022-02-19 16:34:42', '2022-02-19 16:34:42'),
(163, 1, 53, 1.00, 580, '2021-12-19', 'Sukses', '2022-02-19 16:35:27', '2022-02-19 16:35:27'),
(164, 1, 87, 5.30, 5420, '2021-12-19', 'Sukses', '2022-02-19 16:36:15', '2022-02-19 16:36:15'),
(165, 1, 5, 2.50, 2843, '2022-01-02', 'Sukses', '2022-02-20 03:49:32', '2022-02-20 03:49:32'),
(166, 1, 4, 14.60, 15160, '2022-01-02', 'Sukses', '2022-02-20 03:51:23', '2022-02-20 03:51:23'),
(167, 1, 6, 0.70, 540, '2022-01-02', 'Sukses', '2022-02-20 03:52:55', '2022-02-20 03:52:55'),
(168, 1, 18, 5.71, 8210, '2022-01-02', 'Sukses', '2022-02-20 03:55:57', '2022-02-20 03:55:57'),
(169, 1, 24, 4.22, 4810, '2022-01-02', 'Sukses', '2022-02-20 03:57:50', '2022-02-20 03:57:50'),
(170, 1, 9, 14.40, 18290, '2022-01-02', 'Sukses', '2022-02-20 04:00:59', '2022-02-20 04:00:59'),
(171, 1, 152, 2.33, 3000, '2022-01-02', 'Sukses', '2022-02-20 04:02:15', '2022-02-20 04:02:15'),
(172, 1, 153, 28.40, 6885, '2022-01-02', 'Sukses', '2022-02-20 04:03:46', '2022-02-20 04:03:46'),
(173, 1, 59, 2.30, 615, '2022-01-02', 'Sukses', '2022-02-20 04:05:01', '2022-02-20 04:05:01'),
(174, 1, 37, 3.50, 4930, '2022-01-02', 'Sukses', '2022-02-20 04:06:06', '2022-02-20 04:06:06'),
(175, 1, 21, 3.20, 4330, '2022-01-02', 'Sukses', '2022-02-20 04:07:40', '2022-02-20 04:07:40'),
(176, 1, 34, 14.90, 17790, '2022-01-02', 'Sukses', '2022-02-20 04:10:10', '2022-02-20 04:10:10'),
(177, 1, 150, 4.90, 9040, '2022-01-02', 'Sukses', '2022-02-20 04:11:13', '2022-02-20 04:11:13'),
(178, 1, 151, 6.40, 7040, '2022-01-02', 'Sukses', '2022-02-20 04:11:54', '2022-02-20 04:11:54'),
(179, 1, 32, 2.90, 2235, '2022-01-02', 'Sukses', '2022-02-20 04:14:36', '2022-02-20 04:14:36'),
(180, 1, 54, 2.10, 2080, '2022-01-02', 'Sukses', '2022-02-20 04:16:13', '2022-02-20 04:16:13'),
(181, 1, 35, 8.60, 8820, '2022-01-02', 'Sukses', '2022-02-20 04:17:31', '2022-02-20 04:17:31'),
(182, 1, 3, 4.70, 4780, '2022-01-02', 'Sukses', '2022-02-20 04:18:41', '2022-02-20 04:18:41'),
(183, 1, 43, 2.30, 2420, '2022-01-02', 'Sukses', '2022-02-20 04:19:32', '2022-02-20 04:19:32'),
(184, 1, 131, 10.30, 11080, '2022-01-02', 'Sukses', '2022-02-20 04:23:15', '2022-02-20 04:23:15'),
(185, 1, 130, 20.50, 18480, '2022-01-02', 'Sukses', '2022-02-20 04:25:01', '2022-02-20 04:25:01'),
(186, 1, 26, 2.30, 2890, '2022-01-02', 'Sukses', '2022-02-20 04:26:12', '2022-02-20 04:26:12'),
(187, 1, 28, 1.50, 1540, '2022-01-02', 'Sukses', '2022-02-20 04:29:02', '2022-02-20 04:29:02'),
(188, 1, 101, 2.60, 2640, '2022-01-02', 'Sukses', '2022-02-20 04:30:51', '2022-02-20 04:30:51'),
(189, 1, 111, 2.40, 2520, '2022-01-02', 'Sukses', '2022-02-20 04:34:41', '2022-02-20 04:34:41'),
(190, 1, 146, 11.80, 11860, '2022-01-02', 'Sukses', '2022-02-20 04:35:46', '2022-02-20 04:35:46'),
(191, 1, 147, 5.60, 6160, '2022-01-02', 'Sukses', '2022-02-20 04:45:14', '2022-02-20 04:45:14'),
(192, 1, 48, 2.50, 3720, '2022-01-02', 'Sukses', '2022-02-20 04:47:21', '2022-02-20 04:47:21'),
(193, 1, 120, 2.30, 3060, '2022-01-02', 'Sukses', '2022-02-20 04:48:21', '2022-02-20 04:48:21'),
(194, 1, 85, 7.20, 9290, '2022-01-02', 'Sukses', '2022-02-20 04:49:06', '2022-02-20 04:49:06'),
(195, 1, 150, 4.90, 8160, '2022-01-16', 'Sukses', '2022-02-20 10:57:30', '2022-02-20 10:57:30'),
(196, 1, 130, 12.56, 17690, '2022-01-16', 'Sukses', '2022-02-20 11:00:16', '2022-02-20 11:00:16'),
(197, 1, 29, 2.12, 2970, '2022-01-16', 'Sukses', '2022-02-20 11:07:30', '2022-02-20 11:07:30'),
(198, 1, 153, 20.00, 16200, '2022-01-16', 'Sukses', '2022-02-20 11:19:53', '2022-02-20 11:19:53'),
(199, 1, 5, 2.30, 2030, '2022-01-16', 'Sukses', '2022-02-20 11:21:20', '2022-02-20 11:21:20'),
(200, 1, 4, 6.00, 8430, '2022-01-16', 'Sukses', '2022-02-20 11:23:18', '2022-02-20 11:23:18'),
(201, 1, 6, 2.30, 1960, '2022-01-16', 'Sukses', '2022-02-20 15:11:16', '2022-02-20 15:11:16'),
(202, 1, 87, 9.83, 11730, '2022-01-16', 'Sukses', '2022-02-20 15:13:10', '2022-02-20 15:13:10'),
(203, 1, 43, 1.70, 2550, '2022-01-16', 'Sukses', '2022-02-20 15:13:53', '2022-02-20 15:13:53'),
(204, 1, 126, 2.30, 2630, '2022-01-16', 'Sukses', '2022-02-20 15:15:14', '2022-02-20 15:15:14'),
(205, 1, 71, 1.62, 2180, '2022-01-16', 'Sukses', '2022-02-20 15:17:19', '2022-02-20 15:17:19'),
(206, 1, 24, 1.80, 1870, '2022-01-16', 'Sukses', '2022-02-20 15:18:46', '2022-02-20 15:18:46'),
(207, 1, 77, 10.55, 11930, '2022-01-16', 'Sukses', '2022-02-20 15:22:46', '2022-02-20 15:22:46'),
(208, 1, 35, 2.14, 3160, '2022-01-16', 'Sukses', '2022-02-20 15:24:23', '2022-02-20 15:24:23'),
(209, 1, 32, 2.10, 2055, '2022-01-16', 'Sukses', '2022-02-20 15:26:38', '2022-02-20 15:26:38'),
(210, 1, 34, 12.80, 6790, '2022-01-16', 'Sukses', '2022-02-20 15:29:18', '2022-02-20 15:29:18'),
(211, 1, 9, 9.10, 11570, '2022-01-16', 'Sukses', '2022-02-20 15:30:22', '2022-02-20 15:30:22'),
(212, 1, 85, 20.50, 22978, '2022-01-16', 'Sukses', '2022-02-20 15:33:13', '2022-02-20 15:33:13'),
(213, 1, 59, 0.70, 640, '2022-01-16', 'Sukses', '2022-02-20 15:34:07', '2022-02-20 15:34:07'),
(214, 1, 101, 12.70, 10260, '2022-01-16', 'Sukses', '2022-02-20 15:39:52', '2022-02-20 15:39:52'),
(215, 1, 111, 9.03, 10830, '2022-01-16', 'Sukses', '2022-02-20 15:41:53', '2022-02-20 15:41:53'),
(216, 1, 28, 8.51, 8260, '2022-01-16', 'Sukses', '2022-02-20 15:44:18', '2022-02-20 15:44:18'),
(217, 1, 120, 11.70, 12683, '2022-01-16', 'Sukses', '2022-02-20 15:47:37', '2022-02-20 15:47:37'),
(218, 1, 48, 12.12, 15150, '2022-01-16', 'Sukses', '2022-02-20 15:50:14', '2022-02-20 15:50:14'),
(219, 1, 18, 22.23, 25610, '2022-01-16', 'Sukses', '2022-02-20 15:52:23', '2022-02-20 15:52:23'),
(220, 1, 146, 22.10, 27180, '2022-01-16', 'Sukses', '2022-02-20 15:55:14', '2022-02-20 15:55:14'),
(221, 1, 147, 3.50, 3490, '2022-01-16', 'Sukses', '2022-02-20 15:56:56', '2022-02-20 15:56:56'),
(222, 1, 26, 10.36, 11980, '2022-01-16', 'Sukses', '2022-02-20 16:00:27', '2022-02-20 16:00:27'),
(223, 1, 6, 4.10, 3490, '2022-02-06', 'Sukses', '2022-02-21 04:17:15', '2022-02-21 04:17:15'),
(224, 1, 71, 2.11, 3090, '2022-02-06', 'Sukses', '2022-02-21 04:19:17', '2022-02-21 04:19:17'),
(225, 1, 34, 13.10, 14760, '2022-02-06', 'Sukses', '2022-02-21 04:21:08', '2022-02-21 04:21:08'),
(226, 1, 22, 18.46, 30370, '2022-02-06', 'Sukses', '2022-02-21 04:22:52', '2022-02-21 04:22:52'),
(227, 1, 47, 1.30, 1650, '2022-02-06', 'Sukses', '2022-02-21 04:24:04', '2022-02-21 04:24:04'),
(228, 1, 131, 3.50, 2750, '2022-02-06', 'Sukses', '2022-02-21 04:25:55', '2022-02-21 04:25:55'),
(229, 1, 24, 4.00, 3880, '2022-02-06', 'Sukses', '2022-02-21 04:28:02', '2022-02-21 04:28:02'),
(230, 1, 130, 7.20, 5850, '2022-02-06', 'Sukses', '2022-02-21 04:30:58', '2022-02-21 04:30:58'),
(231, 1, 32, 3.40, 3695, '2022-02-06', 'Sukses', '2022-02-21 04:33:07', '2022-02-21 04:33:07'),
(232, 1, 10, 25.80, 29210, '2022-02-06', 'Sukses', '2022-02-21 04:35:18', '2022-02-21 04:35:18'),
(233, 1, 53, 1.50, 600, '2022-02-06', 'Sukses', '2022-02-21 04:45:01', '2022-02-21 04:45:01'),
(234, 1, 43, 6.70, 5980, '2022-02-06', 'Sukses', '2022-02-21 04:52:05', '2022-02-21 04:52:05'),
(235, 1, 33, 3.90, 3740, '2022-02-06', 'Sukses', '2022-02-21 04:53:40', '2022-02-21 04:53:40'),
(236, 1, 84, 2.00, 2760, '2022-02-06', 'Sukses', '2022-02-21 04:55:10', '2022-02-21 04:55:10'),
(237, 1, 29, 9.00, 14910, '2022-02-06', 'Sukses', '2022-02-21 04:56:52', '2022-02-21 04:56:52'),
(238, 1, 132, 43.48, 44080, '2022-02-06', 'Sukses', '2022-02-21 05:12:06', '2022-02-21 05:12:06'),
(239, 1, 35, 12.61, 13250, '2022-02-06', 'Sukses', '2022-02-21 05:21:43', '2022-02-21 05:21:43'),
(240, 1, 3, 5.30, 5080, '2022-02-06', 'Sukses', '2022-02-21 05:23:16', '2022-02-21 05:23:16'),
(241, 1, 61, 47.40, 50880, '2022-02-06', 'Sukses', '2022-02-21 05:25:09', '2022-02-21 05:25:09'),
(242, 1, 5, 8.60, 18765, '2022-02-06', 'Sukses', '2022-02-21 05:27:57', '2022-02-21 05:27:57'),
(243, 1, 4, 9.60, 10990, '2022-02-06', 'Sukses', '2022-02-21 05:31:58', '2022-02-21 05:31:58'),
(244, 1, 85, 3.23, 4830, '2022-02-06', 'Sukses', '2022-02-21 05:33:44', '2022-02-21 05:33:44'),
(245, 1, 101, 6.20, 6050, '2022-02-06', 'Sukses', '2022-02-21 05:35:04', '2022-02-21 05:35:04'),
(246, 1, 111, 5.60, 6380, '2022-02-06', 'Sukses', '2022-02-21 05:36:54', '2022-02-21 05:36:54'),
(247, 1, 28, 14.90, 15930, '2022-02-06', 'Sukses', '2022-02-21 05:48:22', '2022-02-21 05:48:22'),
(248, 1, 59, 1.00, 1200, '2022-02-06', 'Sukses', '2022-02-21 05:50:14', '2022-02-21 05:50:14'),
(249, 1, 48, 12.24, 18570, '2022-02-06', 'Sukses', '2022-02-21 05:52:32', '2022-02-21 05:52:32'),
(250, 1, 146, 9.70, 13490, '2022-02-06', 'Sukses', '2022-02-21 05:55:38', '2022-02-21 05:55:38'),
(251, 1, 147, 7.20, 7355, '2022-02-06', 'Sukses', '2022-02-21 06:06:21', '2022-02-21 06:06:21'),
(252, 1, 26, 6.90, 10300, '2022-02-06', 'Sukses', '2022-02-21 06:07:59', '2022-02-21 06:07:59'),
(253, 1, 120, 17.20, 19370, '2022-02-06', 'Sukses', '2022-02-21 06:15:18', '2022-02-21 06:15:18'),
(254, 1, 18, 15.40, 53980, '2022-02-06', 'Sukses', '2022-02-21 06:19:11', '2022-02-21 06:19:11'),
(255, 1, 154, 2.10, 2010, '2022-02-20', 'Sukses', '2022-02-21 11:43:11', '2022-02-21 11:43:11'),
(256, 1, 130, 20.70, 8890, '2022-02-20', 'Sukses', '2022-02-21 11:44:46', '2022-02-21 11:44:46'),
(257, 1, 29, 4.40, 7250, '2022-02-20', 'Sukses', '2022-02-21 11:46:04', '2022-02-21 11:46:04'),
(258, 1, 6, 1.70, 1720, '2022-02-20', 'Sukses', '2022-02-21 11:47:21', '2022-02-21 11:47:21'),
(259, 1, 24, 3.12, 3410, '2022-02-20', 'Sukses', '2022-02-21 11:58:47', '2022-02-21 11:58:47'),
(260, 1, 34, 4.15, 5900, '2022-02-20', 'Sukses', '2022-02-21 12:03:52', '2022-02-21 12:03:52'),
(261, 1, 59, 0.70, 800, '2022-02-20', 'Sukses', '2022-02-21 12:05:27', '2022-02-21 12:05:27'),
(262, 1, 155, 3.45, 4330, '2022-02-20', 'Sukses', '2022-02-21 12:11:00', '2022-02-21 12:11:00'),
(263, 1, 32, 4.30, 4405, '2022-02-20', 'Sukses', '2022-02-21 12:15:40', '2022-02-21 12:15:40'),
(264, 1, 151, 5.60, 6160, '2022-02-20', 'Sukses', '2022-02-21 12:17:30', '2022-02-21 12:17:30'),
(265, 1, 4, 5.70, 6780, '2022-02-20', 'Sukses', '2022-02-21 12:20:10', '2022-02-21 12:20:10'),
(266, 1, 87, 2.10, 4500, '2022-02-20', 'Sukses', '2022-02-21 12:21:54', '2022-02-21 12:21:54'),
(267, 1, 5, 4.00, 3900, '2022-02-20', 'Sukses', '2022-02-21 12:26:09', '2022-02-21 12:26:09'),
(268, 1, 131, 4.30, 4290, '2022-02-20', 'Sukses', '2022-02-21 12:37:02', '2022-02-21 12:37:02'),
(269, 1, 21, 12.09, 13423, '2022-02-20', 'Sukses', '2022-02-21 12:39:05', '2022-02-21 12:39:05'),
(270, 1, 18, 3.32, 5130, '2022-02-20', 'Sukses', '2022-02-21 12:41:18', '2022-02-21 12:41:18'),
(271, 1, 85, 0.90, 1500, '2022-02-20', 'Sukses', '2022-02-21 12:45:21', '2022-02-21 12:45:21'),
(272, 1, 48, 3.90, 4430, '2022-02-20', 'Sukses', '2022-02-21 12:46:27', '2022-02-21 12:46:27'),
(273, 1, 101, 2.73, 4410, '2022-02-20', 'Sukses', '2022-02-21 12:47:49', '2022-02-21 12:47:49'),
(274, 1, 111, 2.20, 3160, '2022-02-20', 'Sukses', '2022-02-21 12:48:43', '2022-02-21 12:48:43'),
(275, 1, 26, 2.12, 2420, '2022-02-20', 'Sukses', '2022-02-21 12:49:33', '2022-02-21 12:49:33'),
(276, 1, 28, 1.50, 2280, '2022-02-20', 'Sukses', '2022-02-21 12:50:21', '2022-02-21 12:50:21'),
(277, 1, 120, 2.20, 3650, '2022-02-20', 'Sukses', '2022-02-21 12:51:08', '2022-02-21 12:51:08'),
(278, 1, 146, 2.43, 3250, '2022-02-20', 'Sukses', '2022-02-21 12:52:20', '2022-02-21 12:52:20'),
(279, 1, 147, 1.70, 2020, '2022-02-20', 'Sukses', '2022-02-21 12:53:25', '2022-02-21 12:53:25'),
(280, 1, 5, 5.12, 5368, '2022-03-06', 'Sukses', '2022-03-11 09:55:22', '2022-03-11 09:55:22'),
(281, 1, 4, 13.60, 18410, '2022-03-06', 'Sukses', '2022-03-11 10:00:20', '2022-03-11 10:00:20'),
(282, 1, 6, 3.80, 3470, '2022-03-06', 'Sukses', '2022-03-11 10:02:14', '2022-03-11 10:02:14'),
(283, 1, 59, 1.40, 1800, '2022-03-06', 'Sukses', '2022-03-11 10:04:26', '2022-03-11 10:04:26'),
(284, 1, 29, 4.73, 8320, '2022-03-06', 'Sukses', '2022-03-11 10:34:46', '2022-03-11 10:34:46'),
(285, 1, 154, 2.46, 2970, '2022-03-06', 'Sukses', '2022-03-11 10:36:44', '2022-03-11 10:36:44'),
(286, 1, 131, 4.40, 3320, '2022-03-06', 'Sukses', '2022-03-11 10:43:24', '2022-03-11 10:43:24'),
(287, 1, 32, 2.10, 1313, '2022-03-06', 'Sukses', '2022-03-11 10:45:15', '2022-03-11 10:45:15'),
(288, 1, 9, 20.50, 29340, '2022-03-06', 'Sukses', '2022-03-11 10:46:34', '2022-03-11 10:46:34'),
(289, 1, 150, 16.80, 23770, '2022-03-06', 'Sukses', '2022-03-11 10:48:43', '2022-03-11 10:48:43'),
(290, 1, 71, 10.90, 15600, '2022-03-06', 'Sukses', '2022-03-11 10:51:50', '2022-03-11 10:51:50'),
(291, 1, 155, 13.36, 12060, '2022-03-06', 'Sukses', '2022-03-11 10:59:22', '2022-03-11 10:59:22'),
(292, 1, 52, 3.34, 4540, '2022-03-06', 'Sukses', '2022-03-11 11:05:37', '2022-03-11 11:05:37'),
(293, 1, 109, 1.90, 785, '2022-03-06', 'Sukses', '2022-03-11 11:10:06', '2022-03-11 11:10:06'),
(294, 1, 130, 3.30, 6500, '2022-03-06', 'Sukses', '2022-03-11 11:18:03', '2022-03-11 11:18:03'),
(295, 1, 35, 2.64, 2770, '2022-03-06', 'Sukses', '2022-03-11 11:20:50', '2022-03-11 11:20:50'),
(296, 1, 27, 1.60, 640, '2022-03-06', 'Sukses', '2022-03-11 11:21:29', '2022-03-11 11:21:29'),
(297, 1, 37, 10.50, 15750, '2022-03-06', 'Sukses', '2022-03-11 11:22:00', '2022-03-11 11:22:00'),
(298, 1, 38, 2.40, 1800, '2022-03-06', 'Sukses', '2022-03-11 11:25:13', '2022-03-11 11:25:13'),
(299, 1, 126, 0.90, 1350, '2022-03-06', 'Sukses', '2022-03-11 11:25:45', '2022-03-11 11:25:45'),
(300, 1, 2, 4.70, 530, '2022-03-06', 'Sukses', '2022-03-11 11:28:11', '2022-03-11 11:28:11'),
(301, 1, 18, 4.12, 5245, '2022-03-06', 'Sukses', '2022-03-11 11:31:10', '2022-03-11 11:31:10'),
(302, 1, 48, 9.30, 9930, '2022-03-06', 'Sukses', '2022-03-11 11:32:35', '2022-03-11 11:32:35'),
(303, 1, 85, 14.42, 15980, '2022-03-06', 'Sukses', '2022-03-11 11:34:16', '2022-03-11 11:34:16'),
(304, 1, 28, 1.20, 1720, '2022-03-06', 'Sukses', '2022-03-11 11:35:30', '2022-03-11 11:35:30'),
(305, 1, 26, 1.00, 1820, '2022-03-06', 'Sukses', '2022-03-11 11:42:48', '2022-03-11 11:42:48'),
(306, 1, 120, 1.70, 1500, '2022-03-06', 'Sukses', '2022-03-11 11:43:55', '2022-03-11 11:43:55'),
(307, 1, 146, 1.20, 780, '2022-03-06', 'Sukses', '2022-03-11 11:47:49', '2022-03-11 11:47:49'),
(308, 1, 111, 1.30, 1405, '2022-03-06', 'Sukses', '2022-03-11 11:49:09', '2022-03-11 11:49:09'),
(309, 1, 147, 1.40, 2330, '2022-03-06', 'Sukses', '2022-03-11 11:55:49', '2022-03-11 11:55:49'),
(310, 1, 101, 2.11, 2990, '2022-03-06', 'Sukses', '2022-03-11 11:57:39', '2022-03-11 11:57:39'),
(311, 156, 5, 2.00, 1785, '2022-03-20', 'Sukses', '2022-03-24 12:19:14', '2022-03-24 12:19:14'),
(312, 156, 4, 4.70, 5640, '2022-03-20', 'Sukses', '2022-03-24 12:20:59', '2022-03-24 12:20:59'),
(313, 156, 18, 3.63, 5050, '2022-03-20', 'Sukses', '2022-03-24 12:28:20', '2022-03-24 12:28:20'),
(314, 156, 85, 1.92, 4010, '2022-03-20', 'Sukses', '2022-03-24 12:29:42', '2022-03-24 12:29:42'),
(315, 156, 48, 2.82, 7160, '2022-03-20', 'Sukses', '2022-03-24 12:31:23', '2022-03-24 12:31:23'),
(316, 156, 26, 3.30, 8120, '2022-03-20', 'Sukses', '2022-03-24 12:33:42', '2022-03-24 12:33:42'),
(317, 156, 28, 3.90, 5890, '2022-03-20', 'Sukses', '2022-03-24 12:36:02', '2022-03-24 12:36:02'),
(318, 156, 147, 1.63, 2740, '2022-03-20', 'Sukses', '2022-03-24 12:39:01', '2022-03-24 12:39:01'),
(319, 156, 146, 1.90, 2450, '2022-03-20', 'Sukses', '2022-03-24 12:40:29', '2022-03-24 12:40:29'),
(320, 156, 59, 1.90, 1800, '2022-03-20', 'Sukses', '2022-03-24 12:41:43', '2022-03-24 12:41:43'),
(321, 156, 120, 1.90, 2920, '2022-03-20', 'Sukses', '2022-03-24 12:43:11', '2022-03-24 12:43:11'),
(322, 156, 111, 0.92, 1780, '2022-03-20', 'Sukses', '2022-03-24 12:45:15', '2022-03-24 12:45:15'),
(323, 156, 101, 2.80, 4360, '2022-03-20', 'Sukses', '2022-03-24 12:46:33', '2022-03-24 12:46:33'),
(324, 156, 84, 14.70, 15745, '2022-03-20', 'Sukses', '2022-03-24 12:49:48', '2022-03-24 12:49:48'),
(325, 156, 35, 4.40, 4240, '2022-03-20', 'Sukses', '2022-03-24 12:50:47', '2022-03-24 12:50:47'),
(326, 156, 32, 3.00, 3105, '2022-03-20', 'Sukses', '2022-03-24 12:53:54', '2022-03-24 12:53:54'),
(327, 156, 54, 9.73, 11040, '2022-03-20', 'Sukses', '2022-03-24 12:56:32', '2022-03-24 12:56:32'),
(328, 156, 29, 1.70, 1400, '2022-03-20', 'Sukses', '2022-03-24 13:04:22', '2022-03-24 13:04:22'),
(329, 156, 153, 4.50, 3820, '2022-03-20', 'Sukses', '2022-03-24 13:05:52', '2022-03-24 13:05:52'),
(330, 156, 157, 2.80, 4200, '2022-03-20', 'Sukses', '2022-03-24 13:08:24', '2022-03-24 13:08:24'),
(331, 156, 43, 2.10, 2360, '2022-03-20', 'Sukses', '2022-03-24 13:20:57', '2022-03-24 13:20:57'),
(332, 156, 34, 15.30, 16310, '2022-03-20', 'Sukses', '2022-03-24 13:22:22', '2022-03-24 13:22:22'),
(333, 156, 24, 5.00, 12840, '2022-03-20', 'Sukses', '2022-03-24 13:23:55', '2022-03-24 13:23:55'),
(334, 156, 155, 8.05, 7535, '2022-03-20', 'Sukses', '2022-03-24 13:30:40', '2022-03-24 13:30:40'),
(335, 156, 53, 0.70, 280, '2022-03-20', 'Sukses', '2022-03-24 13:31:07', '2022-03-24 13:31:07'),
(336, 156, 5, 3.40, 3810, '2022-04-03', 'Sukses', '2022-04-07 11:35:55', '2022-04-07 11:35:55'),
(337, 156, 4, 11.80, 11970, '2022-04-03', 'Sukses', '2022-04-07 12:00:05', '2022-04-07 12:00:05'),
(338, 156, 6, 1.70, 1190, '2022-04-03', 'Sukses', '2022-04-07 12:02:23', '2022-04-07 12:02:23'),
(339, 156, 85, 1.10, 2300, '2022-04-03', 'Sukses', '2022-04-07 12:03:02', '2022-04-07 12:03:02'),
(340, 156, 43, 1.01, 520, '2022-04-03', 'Sukses', '2022-04-07 12:03:52', '2022-04-07 12:03:52'),
(341, 156, 35, 20.70, 33770, '2022-04-03', 'Sukses', '2022-04-07 12:07:53', '2022-04-07 12:07:53'),
(342, 156, 154, 1.13, 1830, '2022-04-03', 'Sukses', '2022-04-07 12:09:42', '2022-04-07 12:09:42'),
(343, 156, 77, 20.20, 24710, '2022-04-03', 'Sukses', '2022-04-07 12:16:06', '2022-04-07 12:16:06'),
(344, 156, 54, 4.70, 4570, '2022-04-03', 'Sukses', '2022-04-07 12:17:57', '2022-04-07 12:17:57'),
(345, 156, 130, 37.70, 41470, '2022-04-03', 'Sukses', '2022-04-07 12:19:21', '2022-04-07 12:19:21'),
(347, 156, 158, 9.40, 21680, '2022-04-03', 'Sukses', '2022-04-07 12:28:50', '2022-04-07 12:28:50'),
(348, 156, 34, 16.40, 16360, '2022-04-03', 'Sukses', '2022-04-07 12:31:11', '2022-04-07 12:31:11'),
(349, 156, 49, 7.01, 12520, '2022-04-03', 'Sukses', '2022-04-07 12:32:42', '2022-04-07 12:32:42'),
(350, 156, 21, 13.42, 13350, '2022-04-03', 'Sukses', '2022-04-07 12:35:42', '2022-04-07 12:35:42'),
(351, 156, 135, 12.90, 13460, '2022-04-03', 'Sukses', '2022-04-07 13:19:35', '2022-04-07 13:19:35'),
(352, 156, 33, 2.10, 1620, '2022-04-03', 'Sukses', '2022-04-07 13:28:22', '2022-04-07 13:28:22'),
(353, 156, 22, 1.51, 1860, '2022-04-03', 'Sukses', '2022-04-07 13:29:45', '2022-04-07 13:29:45'),
(354, 156, 109, 0.30, 450, '2022-04-03', 'Sukses', '2022-04-07 13:30:14', '2022-04-07 13:30:14'),
(355, 156, 29, 1.70, 4350, '2022-04-03', 'Sukses', '2022-04-07 13:32:09', '2022-04-07 13:32:09'),
(356, 156, 151, 3.20, 4320, '2022-04-03', 'Sukses', '2022-04-07 13:34:06', '2022-04-07 13:34:06'),
(357, 156, 71, 3.70, 3850, '2022-04-03', 'Sukses', '2022-04-07 13:36:41', '2022-04-07 13:36:41'),
(358, 156, 142, 1.40, 1530, '2022-04-03', 'Sukses', '2022-04-07 13:37:39', '2022-04-07 13:37:39'),
(359, 156, 27, 1.70, 1450, '2022-04-03', 'Sukses', '2022-04-07 13:38:20', '2022-04-07 13:38:20'),
(360, 156, 34, 2.60, 4100, '2022-04-03', 'Sukses', '2022-04-07 13:43:33', '2022-04-07 13:43:33'),
(361, 156, 150, 5.50, 8120, '2022-04-03', 'Sukses', '2022-04-07 13:46:00', '2022-04-07 13:46:00'),
(362, 156, 59, 1.00, 820, '2022-04-03', 'Sukses', '2022-04-07 13:47:02', '2022-04-07 13:47:02'),
(363, 156, 159, 8.00, 15300, '2022-04-03', 'Sukses', '2022-04-07 13:49:05', '2022-04-07 13:49:05'),
(364, 156, 101, 4.10, 9510, '2022-04-03', 'Sukses', '2022-04-07 13:50:17', '2022-04-07 13:50:17'),
(365, 156, 111, 4.00, 3530, '2022-04-03', 'Sukses', '2022-04-07 13:52:13', '2022-04-07 13:52:13'),
(366, 156, 146, 2.30, 3290, '2022-04-03', 'Sukses', '2022-04-07 13:53:45', '2022-04-07 13:53:45'),
(367, 156, 147, 1.07, 2610, '2022-04-03', 'Sukses', '2022-04-07 13:56:29', '2022-04-07 13:56:29'),
(368, 156, 28, 3.00, 4830, '2022-04-03', 'Sukses', '2022-04-07 13:58:09', '2022-04-07 13:58:09'),
(369, 156, 26, 2.70, 2930, '2022-04-03', 'Sukses', '2022-04-07 13:59:45', '2022-04-07 13:59:45'),
(370, 156, 48, 6.60, 8740, '2022-04-03', 'Sukses', '2022-04-07 14:04:28', '2022-04-07 14:04:28'),
(371, 156, 120, 5.30, 4990, '2022-04-03', 'Sukses', '2022-04-07 14:08:26', '2022-04-07 14:08:26'),
(372, 156, 18, 7.30, 9060, '2022-04-03', 'Sukses', '2022-04-07 14:11:27', '2022-04-07 14:11:27'),
(374, 1, 4, 8.00, 7300, '2022-04-16', 'Sukses', '2022-04-16 03:17:29', '2022-04-16 03:17:29');

-- --------------------------------------------------------

--
-- Struktur dari tabel `users`
--

CREATE TABLE `users` (
  `id` bigint(20) UNSIGNED NOT NULL,
  `name` varchar(50) COLLATE utf8mb4_unicode_ci NOT NULL,
  `email` varchar(50) COLLATE utf8mb4_unicode_ci NOT NULL,
  `password` varchar(100) COLLATE utf8mb4_unicode_ci NOT NULL,
  `telpon` varchar(25) COLLATE utf8mb4_unicode_ci NOT NULL,
  `alamat` text COLLATE utf8mb4_unicode_ci NOT NULL,
  `foto` varchar(100) COLLATE utf8mb4_unicode_ci DEFAULT NULL,
  `role` int(11) NOT NULL,
  `approve` int(11) NOT NULL DEFAULT 0,
  `created_at` timestamp NULL DEFAULT NULL,
  `updated_at` timestamp NULL DEFAULT NULL
) ENGINE=InnoDB DEFAULT CHARSET=utf8mb4 COLLATE=utf8mb4_unicode_ci;

--
-- Dumping data untuk tabel `users`
--

INSERT INTO `users` (`id`, `name`, `email`, `password`, `telpon`, `alamat`, `foto`, `role`, `approve`, `created_at`, `updated_at`) VALUES
(1, 'Admin', 'admin@gmail.com', '$2y$10$g/yCePqcUGy8kOp1si2GgOMmKFhf7bL4KUpHDd6JvL3xna/QMIBi.', '0812345678910', 'Wirasatya VII', 'https://p7.hiclipart.com/preview/442/17/110/computer-icons-user-profile-male-user.jpg', 5, 1, NULL, '2022-04-12 03:20:47'),
(2, 'IB. KM Dava Purwadinata', 'Dava@gmail.com', '$2y$10$dxcydmLuBIq3Y3wSFQzrIOGjcoEhrylZfzN/3xux5a/xjRg9oNZsO', '0822130767570', 'Jalan Wirasatya VI/1', 'https://p7.hiclipart.com/preview/442/17/110/computer-icons-user-profile-male-user.jpg', 4, 1, NULL, '2022-02-21 04:08:08'),
(3, 'Luh Karuni Sirait', 'Luh@gmail.com', '$2y$10$55m1Yl4HbQq1SQgVo5/Mn.15LCsJtyQzHR81qqiVHLkaBnJD439lS', '0822130022877', 'Jalan Wirasatya II No.2A', 'https://p7.hiclipart.com/preview/442/17/110/computer-icons-user-profile-male-user.jpg', 4, 0, NULL, NULL),
(4, 'Emi Agus Sadewo', 'Emi@gmail.com', '$2y$10$D6YnRKUy7/PyuhhgZQGNKeGM8b4/wwis4CMVYg3wYspd68J9q/cBC', '081337973626', 'Jalan Tukad Balian Gang Nanggala', 'https://p7.hiclipart.com/preview/442/17/110/computer-icons-user-profile-male-user.jpg', 4, 1, NULL, '2022-02-15 14:39:31'),
(5, 'Titik M. Mansur', 'Titik@gmail.com', '$2y$10$ciRdhEkAu/NuO6KHx9WpDOpt1wvoBdobntpTFLCSo8k6bAGSwk0me', '08123775157', 'Jalan Tukad Balian Wirasatya VII No 1', 'https://p7.hiclipart.com/preview/442/17/110/computer-icons-user-profile-male-user.jpg', 4, 1, NULL, '2022-02-18 08:55:40'),
(6, 'Ariasih Dewa Yasa', 'Ariasih@gmail.com', '$2y$10$sBT4SOfvME.uV0fRVJuMRezUVoKxFzKd3IzHM7NjF/GoIumfv0rYu', '08123949746', 'Jalan Tukad Balian Wirasatya VII No.6A', 'https://p7.hiclipart.com/preview/442/17/110/computer-icons-user-profile-male-user.jpg', 4, 1, NULL, '2022-02-18 08:56:00'),
(7, 'Suharmi Husen', 'Suharmi@gmail.com', '$2y$10$A86Cnis7E78TKE/k8Bl5ousx7o0mtSx29PA9pRLE8xsW9yFr2jaG6', '085285285282', 'Jalan Wirasatya I No.2b', NULL, 4, 0, '2022-02-12 14:48:59', '2022-02-12 14:48:59'),
(8, 'Erwin Siregar', 'Erwin@gmail.com', '$2y$10$qsyD0.UPRf.i0N62gvt9vevAswZ3LCfiMItRm0Sqdnd4Ma6CF297G', '081348478556', 'Jalan Tukad Balian Gang Buntu', NULL, 4, 0, '2022-02-12 14:51:15', '2022-02-12 14:51:15'),
(9, 'IGA. Indah Yani', 'IndahYani@gmail.com', '$2y$10$GLEPrHquQ2./8tECvlw8Qu6LfNnznN0ELIBG6enf1i5lbxaObStjC', '085757904211', 'Jalan Wirasatya VI/1', NULL, 4, 1, '2022-02-12 14:57:31', '2022-04-06 11:57:12'),
(10, 'A.A. Sri Wahyuni', 'SriWahyuni@gmail.com', '$2y$10$CjNDUNsSclvnlpBpskpqWe74OSm11ebNR0vmYEx7deXKm2h8LN7ua', '085592007037', 'Jalan Wirasatya VII Mp.6', NULL, 4, 0, '2022-02-12 14:59:02', '2022-02-12 14:59:02'),
(11, 'Cristina Uriyanti', 'Christina@gmail.com', '$2y$10$Sv5V.ozugMDCMXd7zBZUieljwv0wDHS9a0/9BB1swhj60ssaUnGz.', '081349015698', 'Jalan Tukad Balian Gang Mawar/12', NULL, 4, 0, '2022-02-12 15:00:08', '2022-02-12 15:00:08'),
(12, 'Kasiatun Mukibat', 'Kasiataun@gmail.com', '$2y$10$dzcqFhSatugZuPVQQkOqt.VWXRhfQGq2UpSsYt.SvhsH6FV63ByEy', '08125073213', 'Jalan Tukad Balian Gang Citra No.11', NULL, 4, 0, '2022-02-12 15:15:21', '2022-02-12 15:15:21'),
(13, 'Wiwik', 'Wiwik@gmail.com', '$2y$10$QqxBPEOVjFO.hxurUHoS9..MI.Aij0XwAJP77eebGEnMPsMTg1cl2', '085249703774', 'Jalan Tukad Balian Gang Bule/1B', NULL, 4, 0, '2022-02-12 15:17:36', '2022-02-12 15:17:36'),
(14, 'I.A. Adnyani Wijaya', 'Adnyani@gmail.com', '$2y$10$LAN3m8SEROge2xUJuMr91.iNSZsRE3W1Z2peOg5xI2/YSAHLEF4ue', '08196080616', 'Jalan Tukad Balian Perum Nuansa', NULL, 4, 0, '2022-02-13 13:13:47', '2022-02-13 13:13:47'),
(15, 'Sumiarni Roxas', 'Sumiarni@gmail.com', '$2y$10$uXU/8PSdEvF9RerNxe6rs.I8RIV/4deCTMrsbdVUVcZlFosh09nxa', '085249703643', 'Jalan Suwung Kangin No.12', NULL, 4, 0, '2022-02-13 13:17:39', '2022-02-13 13:17:39'),
(16, 'Intan Siregar', 'Intan@gmail.com', '$2y$10$/EcMgqPM9KADZrJlxpIr..CWdo3CeRuUNjgyzgKQt5tgbYmmmrGji', '085226492324', 'Jalan Merthasari 1', NULL, 4, 0, '2022-02-13 13:19:08', '2022-02-13 13:19:08'),
(17, 'Wulan', 'Wulan@gmail.com', '$2y$10$oM.XjrJ8UpLIm9jIPygWs.FG7RvPpVYYExnSCyLN1wBJSbclRxUGW', '085751945670', 'Jalan Wirasatya V/12', NULL, 4, 0, '2022-02-13 13:24:27', '2022-02-13 13:24:27'),
(18, 'Sulasih Yudianto', 'Sulasih@gmail.com', '$2y$10$z6/C.ysB7v4Bu8NKAi1Fbu088NXo5Hn9xNDlybV9BXG26YNBD1b32', '085847348894', 'Jalan Wirasatya V', NULL, 4, 0, '2022-02-13 13:38:46', '2022-02-13 13:38:46'),
(19, 'Sumiati', 'Sumiati@gmail.com', '$2y$10$VlgwftkkztaTYTwJ2SG1Ju8UFPypMnc2dK4lE6j7q6wQgiLoDtVya', '08179433342', 'Jalan Wirasatya VII No.14', NULL, 4, 0, '2022-02-13 13:39:38', '2022-02-13 13:39:38'),
(20, 'Dewa Kumaba', 'Kumaba@gmail.com', '$2y$10$qRC9H1XTbLk53.kgJIQTPeYVIlyT382rA3FqAlGQ0ULjrVoF0t9OK', '085252797240', 'Jalan Wirasatya III No.3A', NULL, 4, 0, '2022-02-13 13:46:19', '2022-02-13 13:46:19'),
(21, 'Wayan Tika', 'Tika@gmail.com', '$2y$10$E5YhxlK7EsboVEe.hL/Cw.6xR8yprnwEi0K5uJDd5Q.5E9eaNi0Qu', '081334243650', 'Jalan Wirasatya III/6', NULL, 4, 1, '2022-02-13 13:52:39', '2022-02-18 12:51:23'),
(22, 'Erna Ayu Wardani', 'Erna@gmail.com', '$2y$10$0Rqu.DWZuN.7R7OlZfp5wuP4LVbtcsERlP10aO5faR3XfOUnp5Mm6', '085651303221', 'Jalan Tukad Balian Gg.Kalimanjing 2B', NULL, 4, 0, '2022-02-13 13:55:12', '2022-02-13 13:55:12'),
(23, 'Salamah', 'Salamah@gmail.com', '$2y$10$ZQkuuiYULYokXxhYRwG3Gego6zAFgtxNsBbubfscsNKS.krLnK7mu', '085751945671', 'Jalan Tukad Balian No.880', NULL, 4, 0, '2022-02-13 13:59:20', '2022-02-13 13:59:20'),
(24, 'Drienni Moch. Kasno', 'Drienni@gmail.com', '$2y$10$ewrTpZdooZcZaefnz02jxu83Upb8P1t1Gr9rTYaRu4N2WeJaNquZG', '085237944214', 'Jalan Wirasatya IV No.1', NULL, 4, 0, '2022-02-13 14:00:29', '2022-02-13 14:00:29'),
(25, 'Louisa C Bath', 'Louisa@gmail.com', '$2y$10$QxUj9Kd.tBu3wXr2NPSOqOFWJxwAgKa7GqJWrPN8lrbajWddcPvya', '081337769775', 'Jalan Tukad Balian Wirasatya VII No 1A', NULL, 4, 0, '2022-02-13 14:01:29', '2022-02-13 14:01:29'),
(26, 'Lestari Joko', 'Lestari@gmail.com', '$2y$10$LJb1jrFCdLNn0QHOgOmcoufOdphzdGaNEHb05CSwpKK6QKdc9Za76', '08123602748', 'Jalan Wirasatya V/1', NULL, 4, 0, '2022-02-13 14:08:57', '2022-02-13 14:08:57'),
(27, 'Astiar Kamdi', 'Astiar@gmail.com', '$2y$10$WyBPb2nfGLd5PE6cnAIzU.fGp97HBCqV.XWXpF7F3zOVIuvBZn9US', '081377716481', 'Jalan Tukad Balian No.456', NULL, 4, 0, '2022-02-13 14:14:46', '2022-02-13 14:14:46'),
(28, 'Watik', 'Watik@gmail.com', '$2y$10$n8HiNsaDV4a2mmgUTMEXD.D2nG9eAl0aR4MHXZKZdmtj9qgi7UBl6', '81916223551', 'Jalan Pondok Bambu', NULL, 4, 0, '2022-02-13 14:15:43', '2022-02-13 14:15:43'),
(29, 'Dewa Yuli', 'Dewayuli@gmail.com', '$2y$10$hCU2nyKrc.UOyPeuH4psset5I0iTTI1z.zY2o7qymW7C6UbsbXeFS', '081338648625', 'Jalan Wirasatya III/11', NULL, 4, 0, '2022-02-13 14:17:19', '2022-02-13 14:17:19'),
(30, 'Sakdiyah Heri', 'Sakdiyah@gmail.com', '$2y$10$g3dt394k74oNL0SjCvfMdOSkFuttx6c6y3T91PKSDiMt4hWaBynUO', '081251570613', 'Jalan Tukad Balian Gg.Nagasaki No.6', NULL, 4, 0, '2022-02-13 14:18:07', '2022-02-13 14:18:07'),
(31, 'Surati Wanto', 'Suranti@gmail.com', '$2y$10$//a8qIVE49j7Kq2bD6Qem.gU3hXKy82KwAF2B3oHcb.gM57ZDMX02', '087861515372', 'Jalan Wirasatya IV', NULL, 4, 0, '2022-02-13 14:19:16', '2022-02-13 14:19:16'),
(32, 'Endang Wahyuni Budi', 'Endang@gmail.com', '$2y$10$jrVvCn4hlDhoHxkbm4oEr.91YjI7m/jx8lZ5MZqrraj9WgnqITZWe', '087830668760', 'Jalan Tukad Balian Gg. Nagaloka', NULL, 4, 0, '2022-02-13 14:20:25', '2022-02-13 14:20:25'),
(33, 'Lenni Novitasari Budi', 'Lenni@gmail.com', '$2y$10$L32gTVRbJjazWrtxmEeWc.6TVFYb7xRkDdBn8HAuiSczvpv8cxI/e', '085857615191', 'Jalan Wirasatya V No.5', NULL, 4, 0, '2022-02-13 14:21:34', '2022-02-13 14:21:34'),
(34, 'Endang Suntoro', 'Endangsuntoro@gmail.com', '$2y$10$y65Kn.T2SFmI1S5jDa9Yku5OLNUiGQbDsTRcV2roSkN4sw6UhukcG', '081558161074', 'Jalan Wirasatya III/6B', NULL, 4, 0, '2022-02-13 14:23:55', '2022-02-13 14:23:55'),
(35, 'Anik Agus', 'Anikagus@gmail.com', '$2y$10$OyhhhXR5rGxzwzEMpomO2.3ZaO1iCnBq2vmx.baKg5SjHswlsT6yS', '085738206274', 'Jalan Wirasatya II/12', NULL, 4, 0, '2022-02-13 14:25:03', '2022-02-13 14:25:03'),
(36, 'Endang Lugito', 'Endanglugito@gmail.com', '$2y$10$MWev/U4VM1NK9gEDwDBPV.8T0OQuxwtxZTbP2xELwGrWyCGHE6VJG', '081278654162', 'Jalan Pengiyasan X No.4', NULL, 4, 0, '2022-02-13 14:25:52', '2022-02-13 14:25:52'),
(37, 'IGA. Mastuti', 'Mastuti@gmail.com', '$2y$10$F4vU71mfjdAlpAnN46gG6OCfATsGFKDr0f.o35khrNMv.GUctgIVC', '082144858114', 'Jalan Tukad Balian Wirasatya VI No.1', NULL, 4, 0, '2022-02-14 00:56:43', '2022-02-14 00:56:43'),
(38, 'IGN. Mandala', 'Mandala@gmail.com', '$2y$10$WAP110mxpDQTNj9buzYAPOenO.iVRMjP/2sjsEgIg9HAlRG8gWUu6', '087861406555', 'Jalan Tukad Balian Wirasatya VI No.2', NULL, 4, 0, '2022-02-14 00:58:55', '2022-02-14 00:58:55'),
(39, 'Siska', 'Siska@gmail.com', '$2y$10$NAc/9kqh7Ejz.1o5URl0H.aEionwWaaSSyaoxvHnYWG4IhzE0RvqC', '085213536204', 'Jalan Tukad Balian Gg.Mawar No.8', NULL, 4, 0, '2022-02-14 00:59:40', '2022-02-14 00:59:40'),
(40, 'Joko Kasbudiono', 'Joko@gmail.com', '$2y$10$sADshxWxc1x2i./hfftxxex7Bggl0rGPLITLiY.GxAJwgEPfBMaSm', '087862069062', 'Jalan Wirasatya V/1', NULL, 4, 0, '2022-02-14 01:00:51', '2022-02-14 01:00:51'),
(41, 'Hari Kasbudiono', 'Hari@gmail.com', '$2y$10$NFqxxKjSgyYVyjFy6tEk/Ok9ULlIC46J2VB80pGr2yE3EbyXNPVtO', '085669229142', 'Jalan Tukad Balian Gg.Hawai/2', NULL, 4, 0, '2022-02-14 01:01:42', '2022-02-14 01:01:42'),
(42, 'Haryono', 'Haryono@gmail.com', '$2y$10$ql9UqQHWsQCA6MEGYI7dZ.o4Jl3nWt35spjTKMApZCbxEgr7UFgGK', '081234109020', 'Jalan Tukad Balian Gg.Nagaloka No.11', NULL, 4, 1, '2022-02-14 01:03:54', '2022-02-18 12:51:44'),
(43, 'Nasution', 'Nasution@gmail.com', '$2y$10$qWWtsUqQvvOmWXaGaUdR.OdhyJsmxM.6ivAz/U30ycg0dr5e81T4K', '08111027780', 'Jalan Wirasatya II/9A', NULL, 4, 0, '2022-02-14 01:08:28', '2022-02-14 01:08:28'),
(44, 'Sunarso Mala', 'Sunarso@gmail.com', '$2y$10$z4XT2/T3629zrtiEaikWUOv.BGCqfFvFBGiE3cKvsLu8xtJlM94A2', '081219009649', 'Jalan Tukad Balian Gg. Nuansa Sari/7B', NULL, 4, 0, '2022-02-14 01:09:22', '2022-02-14 01:09:22'),
(45, 'Rochani', 'Rochani@gmail.com', '$2y$10$B.nND3cbylKq6AsbXarcqOJRROgVEYvfQFSUAHA7Pf375HTrRY4uC', '087851423695', 'Jalan Tukad Balian Gang Damai No.4B', NULL, 4, 0, '2022-02-14 01:10:07', '2022-02-14 01:10:07'),
(46, 'Made Taro', 'Taro@gmail.com', '$2y$10$4EaiaJK3cq.tIIM7yNPaPua9ZZji4tKgzBIwl2qnHvAkdPVm50YrC', '081430114249', 'Jalan Wirasatya V/8', NULL, 4, 1, '2022-02-14 01:10:59', '2022-02-19 16:40:25'),
(47, 'Yeni Wati', 'Yeni@gmail.com', '$2y$10$.3pJ0BS2XuQjtMJiztKdKOGEO2.cM4tUhDTrEBSk92l1E25wmJgXe', '08283390410', 'Jalan Wirasatya I No.12', NULL, 4, 0, '2022-02-14 01:11:55', '2022-02-14 01:11:55'),
(48, 'Ruli Antini', 'Ruli@gmail.com', '$2y$10$WqhbHKDmyMJnhAXjwIfXeuPVKLR20NT44A9ebz833lPb5RNrh.Jy2', '082340172261', 'Jalan Wirasatya V', NULL, 4, 0, '2022-02-14 01:13:04', '2022-02-14 01:13:04'),
(49, 'Made Mudra', 'Mudra@gmail.com', '$2y$10$HEzqxJFL0OAoCTVu2yu.Xew6jjpzg1iffttx0OpEeXcYDliCKStue', '085655030705', 'Jalan Wirasatya III/12', NULL, 4, 0, '2022-02-14 01:15:26', '2022-02-14 01:15:26'),
(50, 'Putu Suartana', 'Suartana@gmail.com', '$2y$10$rOER2AwG2xs7VZuOdwXTG.uWvMp50p5U8zTIAREkjvsL/sjy6cBrO', '085730667835', 'Jalan Pengiyasan 15 No.18', NULL, 4, 0, '2022-02-14 01:22:52', '2022-02-14 01:22:52'),
(51, 'Desak Gede Puspitawati', 'Desakpuspita@gmail.com', '$2y$10$.6JBH6KAm2uQIAefHkH2kuj4yiOQKs/tKLGK0FnXJX2T8s3ogaTOC', '087850605356', 'Jalan Tukad Balian Perum Grand Griya Loka/19', NULL, 4, 0, '2022-02-14 01:24:25', '2022-02-14 01:24:25'),
(52, 'Roni', 'Roni@gmail.com', '$2y$10$6GWu/vl7RK5XEg.XSGEJcONuRwusyZr0L/fFSAmwkb0VpvKLS4mKK', '085231770004', 'Jalan Kertha Petasikan III No.15', NULL, 4, 0, '2022-02-14 01:26:04', '2022-02-14 01:26:04'),
(53, 'Fatoni', 'Fatoni@gmail.com', '$2y$10$970vZMR5qb325FMRAXQ9x.Uwh8.PxO8xVRpCFSbx0qMdxbh4lAV2a', '087850032365', 'Jalan Wirasatya VI/7', NULL, 4, 0, '2022-02-14 01:28:01', '2022-02-14 01:28:01'),
(54, 'Ratih', 'Ratih@gmail.com', '$2y$10$rd306yTpFSUjTlascqmFoOvMp/tepf0paQL4i3liCWt377cDV08KC', '081916406514', 'Jalan Wirasatya IV No.5', NULL, 4, 0, '2022-02-14 01:29:27', '2022-02-14 01:29:27'),
(55, 'Liana Hidayati', 'Liana@gmail.com', '$2y$10$IYB2dgKXxVw7E1q3vGijW.A2BDnKuLt13Upytm35p/.JuyIJhZCjW', '81330010165', 'Jalan Wirasatya II No.4B', NULL, 4, 0, '2022-02-14 01:34:50', '2022-02-14 01:34:50'),
(56, 'Nu Indah', 'Nuindah@gmail.com', '$2y$10$cpBwD8YVckiljne6ojhk9esrgvFkta8IP2Tw/eR4yS.iRXCJYBRby', '08977279920', 'Jalan Tukad Balian Gg. Citra No.11', NULL, 4, 0, '2022-02-14 01:52:21', '2022-02-14 01:52:21'),
(57, 'Benny', 'Benny@gmail.com', '$2y$10$UVwLOQhLB1y7/LcNeLeSreS6puv6zqBI2gi5YabGL9uaARw9tPIYq', '08175112114', 'Jalan Tukad Balian 460D', NULL, 4, 0, '2022-02-14 01:52:55', '2022-02-14 01:52:55'),
(58, 'Anik Juniarti', 'Anik@gmail.com', '$2y$10$5/fH074LXf7/IFtALW3YWuP4PFN1w7HS/pudg.gvzo09IqryOSY/q', '085731726620', 'Jalan Wirasatya I No.15', NULL, 4, 0, '2022-02-14 01:53:41', '2022-02-14 01:53:41'),
(59, 'Gede', 'Gede@gmail.com', '$2y$10$BiUTW1OMI5rn59Jfja4Dw.YOpt8UT3bcji9sAPi.dZklNojUGUOY6', '081703770047', 'Jalan Tukad Balian Gg.Buntu No.22', NULL, 4, 0, '2022-02-14 01:54:22', '2022-02-14 01:54:22'),
(60, 'David Holomoan Mboy', 'David@gmail.com', '$2y$10$dgTVB4qLMePQxuus9Tm/p.frrfbNOH9fft4ios32MW2KyIIdhUbU2', '087851111728', 'Jalan Tukad Balian Gg. Nagasari/14', NULL, 4, 0, '2022-02-14 01:56:57', '2022-02-14 01:56:57'),
(61, 'Ida Ayu Putu Mirah', 'Mirah@gmail.com', '$2y$10$9HcybnsU9G8Qh1MlEb.itORTvhUFbYRf5laxptbLR.zU6OohzDfaK', '085733488500', 'Jalan Tukad Balian Nuansa Permai/16', NULL, 4, 0, '2022-02-14 01:57:51', '2022-02-14 01:57:51'),
(62, 'Ida Ayu Setya Pramesti', 'Setyapram@gmail.com', '$2y$10$jzwiCMiP4Sty6CYEb4t8uutw2h714iLfPNqlvJZeXz.8ut4Vbh73K', '081939322811', 'Jalan Wirasatya IV/11', NULL, 4, 0, '2022-02-14 02:02:11', '2022-02-14 02:02:11'),
(63, 'Arik', 'Arik@gmail.com', '$2y$10$QdmHzSiV.PuPcXMO3FE1ouAlp3ORCiGDO4shuA2VuC66PLCJCCaa6', '08563455826', 'Jalan Kertarahayu III No.7', NULL, 4, 0, '2022-02-14 02:04:42', '2022-02-14 02:04:42'),
(64, 'Yunita', 'Yunita1@gmail.com', '$2y$10$FxDGwUkhw1LTxBPsNCAQIuO85jR1WbGKHWrjPxRIsXS6uidmgQwLi', '085678903112', 'Jalan Wirasatya V/15', NULL, 4, 0, '2022-02-14 02:05:53', '2022-02-14 02:05:53'),
(65, 'Gede Darmayasa', 'Darmayasa@gmail.com', '$2y$10$om4xwkNTBuZOuzV9nnOO/.2/0qcPZmEhRTSIa2Fk6us.wyfhhJBI2', '087866144102', 'Jalan Wirasatya VI/8', NULL, 4, 0, '2022-02-14 02:06:42', '2022-02-14 02:06:42'),
(66, 'A.A. Sapta Negara', 'Sapta@gmail.com', '$2y$10$/G/576H1BNsyxsZ22GgOkuV03IwNmtYm/mSfBdtHRoGnT4Y04Lnsq', '085645456594', 'Jalan Tukad Balian Gg. Damai No.14', NULL, 4, 0, '2022-02-14 02:16:51', '2022-02-14 02:16:51'),
(67, 'Siti Supartyana Yuyut', 'Siti@gmailcom', '$2y$10$HITJ7Ym0Y9HSMMTFPIU2mueNfWlWJL4O8XVf0rklJO3wvK5Uq7ytu', '081934642121', 'Jalan Kertha Raharja Gg.2 No.4', NULL, 4, 0, '2022-02-14 04:33:07', '2022-02-14 04:33:07'),
(68, 'Farit Mardiyanto', 'Farit@gmail.com', '$2y$10$OJIAu1LvKtofA31KDo8ksugKm9FpfFyPXqcyayBBStPEfFqxMvwy.', '085646266649', 'Jalan Kertha Petasikan VII No.11', NULL, 4, 0, '2022-02-14 04:33:59', '2022-02-14 04:33:59'),
(69, 'Made Rapi', 'Maderapi@gmail.com', '$2y$10$Nd.JS7uIovQjogvDm.wE7OeJAG5EPq/I1rxD28r7f7He4em76VQFe', '081937344464', 'Jalan Kertha Rahayu No.6', NULL, 4, 0, '2022-02-14 04:34:38', '2022-02-14 04:34:38'),
(70, 'Maisaroh', 'Maisaroh@gmail.com', '$2y$10$vCOOFVu6gLQDy.cygsVD/OX00a0y6Z8UUDhu0KHchMaDo8HpCDk.m', '087850766866', 'Jalan Kertha Mulya No.7', NULL, 4, 0, '2022-02-14 04:35:16', '2022-02-14 04:35:16'),
(71, 'Jero Eni', 'Jeroeni@gmail.com', '$2y$10$tUlGqEZqjXRk8Aln4s/br.WDowzBVBejeIxW79KGqRRxtFZnWw80G', '0895325703119', 'Jalan Wirasatya VI/1', NULL, 4, 0, '2022-02-14 04:36:16', '2022-02-14 04:36:16'),
(72, 'Ririn Yanto Sako', 'Ririn@gmail.com', '$2y$10$JbtYBx5KwC7NRFwJ8A9d3u0hycMk.NWOC.vc9ttosLN7Mkmu6qBCi', '081937282115', 'Jalan Kertha Usada IV/4', NULL, 4, 0, '2022-02-14 04:37:46', '2022-02-14 04:37:46'),
(73, 'Sukasih', 'Sukasih@gmail.com', '$2y$10$JFowE309o6D/9R9V2yPiFOVzjMWeM.F32.rrMlBDvdfH47vHunisi', '085655173337', 'Jalan Wirasatya V No.7', NULL, 4, 0, '2022-02-14 04:38:29', '2022-02-14 04:38:29'),
(74, 'Husnul Qomariah', 'Husnul@gmail.com', '$2y$10$j2AlG./wMOKL7uxgF..QUOWWDa4m0WTx5K/QS7ujC4BXelJzTWjB6', '085655391070', 'Jalan Tukada Balian Gg.IV No.8', NULL, 4, 0, '2022-02-14 04:40:46', '2022-02-14 04:40:46'),
(75, 'Sunarti', 'Sunarti@gmail.com', '$2y$10$YNxVeOQlL6jgRAOn7PGXc.n2CnjEBORnX6UoXi3Egi0qOHvrgFF4i', '087850848651', 'Jalan Wirasatya IV No.4', NULL, 4, 0, '2022-02-14 04:42:05', '2022-02-14 04:42:05'),
(76, 'Rina Misiati', 'Rinamisiati@gmail.com', '$2y$10$frnb.BRP8SJdAcJvlxWgUefjuwJOM4dWFCkKW4eorGHsdhSG/.WVm', '08563204939', 'Jalan Wirasatya VI No.9', NULL, 4, 0, '2022-02-14 04:44:17', '2022-02-14 04:44:17'),
(77, 'Cipto Watik', 'Cipto@gmail.com', '$2y$10$kDNt6DYrcGTubOPYeGAwe.p/7ZScYbidFT4/D41Tu5kv6bEQcPR7m', '081346521942', 'Jalan Kerta Rahayu No.28', NULL, 4, 0, '2022-02-14 04:45:06', '2022-02-14 04:45:06'),
(78, 'Dewi Lestari', 'Dewilestari@gmail.com', '$2y$10$arhu1uaxldFrPGp3nnqlVu530L7G3fyYRSptPXewrT/4SBm25MRuy', '087850412444', 'Jalan Tukad Balian Gg. Bule No.12', NULL, 4, 0, '2022-02-14 04:46:06', '2022-02-14 04:46:06'),
(79, 'Khairuddin', 'Khairuddin@gmail.com', '$2y$10$uO5cb9rv3aajrKV0nH/rLei7L2ZE5m7J7JRH7EDQSkm0bGaqhT4bW', '085649228001', 'Jalan Tukad Balian Gg. Nagaloka No.5', NULL, 4, 0, '2022-02-14 04:53:35', '2022-02-14 04:53:35'),
(80, 'Pur', 'Pur@gmail.com', '$2y$10$umCnjFj6idDeUQPbXRvKgO4bxoCvInCha.kCPHzQQQq4TwN4UIQnK', '081911066606', 'Jalan Wirasatya I No.12B', NULL, 4, 0, '2022-02-14 04:54:21', '2022-02-14 04:54:21'),
(81, 'Arifin', 'Arifin@gmail.com', '$2y$10$BAnoL/eiNPqYiS6myLeAEel3CXEHwLftEkkq28ABbdxOZZ7w6XSqO', '085732016400', 'Jalan Tukad Balian Gg. Mawar No.6', NULL, 4, 0, '2022-02-14 04:55:10', '2022-02-14 04:55:10'),
(82, 'Wayan Rejo', 'Wayanrejo@gmail.com', '$2y$10$WsWHDVHyQZ99ezJVv6126Oedd1LRnTh5ifqExYPIcIapPY1fDGnG6', '081937344474', 'Jalan Wirasatya III No.11', NULL, 4, 0, '2022-02-14 04:56:20', '2022-02-14 04:56:20'),
(83, 'Junaidi', 'Junaidi@gmail.com', '$2y$10$V/i/XbZ5OArwVElQKLd9b.OLo3GWbe2aIfoVdgkO/zUas8TM3c0Em', '087851189691', 'Jalan Tukad Balian Gg. Kalimanjing No.4', NULL, 4, 0, '2022-02-14 04:57:00', '2022-02-14 04:57:00'),
(84, 'Santoso', 'Santoso@gmail.com', '$2y$10$4/Aa5rNJkCYAljBgxvUU8uAA.nmZO.yBvrzJTZYWXLbauVipKy0WO', '08121095325', 'Jalan Tukad Balian Gg.Nagasaki 4', NULL, 4, 0, '2022-02-14 04:57:45', '2022-02-14 04:57:45'),
(85, 'Sri Laundry', 'Srilaundry@gmail.com', '$2y$10$LJ4dUAhE2hxIX6TDgV/JkefCQHFvCGegOCvmlARA7dv4VYjoE30ZS', '085730351304', 'Jalan Wirasatya II No.6', NULL, 4, 0, '2022-02-14 05:11:28', '2022-02-14 05:11:28'),
(86, 'Dewi', 'Dewi1@gmail.com', '$2y$10$gWw.kTBwYbcuONRcqwXykOwk69wsHviMc1an3KMXohkGf8bF1qjSO', '087750970940', 'Jalan Wirasatya VII No.5A', NULL, 4, 0, '2022-02-14 12:22:19', '2022-02-14 12:22:19'),
(87, 'A.A. Gede Wirakta', 'Gedewirakta@gmail.com', '$2y$10$zwR0rt.Rm0DUuEhPtT499Oa3aNLbWSN.Z0RkmpTLMx/HynKiVbR0a', '082121909039', 'Jalan Wirasatya III No.23', 'https://iili.io/0mlg5b.png', 4, 0, '2022-02-14 12:23:42', '2022-02-16 10:00:00'),
(88, 'Kaler', 'Kaler@gmail.com', '$2y$10$nbWuwxaMNDqMXNoh05KUi.B3asm2J/bfDFq4tLlOngLt1fqdALYym', '081913799580', 'Jalan Tukad Balian 100x', NULL, 4, 0, '2022-02-14 12:24:32', '2022-02-14 12:24:32'),
(89, 'Suraji', 'Suraji@gmail.com', '$2y$10$an790JNkuxFGkkHekTm.IOLyXN2hUE7PYzPDTxXmw0cSL8MYlmXoC', '08983771745', 'Jalan Tukad Balian Gg. Nuansa Sari No.9', NULL, 4, 0, '2022-02-14 12:25:15', '2022-02-14 12:25:15'),
(90, 'Nuratni', 'Nuratni@gmail.com', '$2y$10$cEBsDKT0.1BfFixog6Wd0OwjABtZg.qDfP71pyVF9Q9Bv5lY.HzR2', '085655269581', 'Jalan Wirasatya IV No. 8', NULL, 4, 0, '2022-02-14 12:26:04', '2022-02-14 12:26:04'),
(91, 'Edi', 'Edi@gmail.com', '$2y$10$HHsuVvyEop6bA2Xo7j5.HuHal.5.AaKlCf3RfordD33llFiWdVLvy', '087850825829', 'Jalan Suwung Kangin No.9A', NULL, 4, 0, '2022-02-14 12:27:23', '2022-02-14 12:27:23'),
(92, 'Yanto', 'Yanto1@gmail.com', '$2y$10$NN3v6t84vx0JlL8sr8xpf.vYmZZXXKjuRIpfVpVSoVVGL1Jtjn3SO', '08179614832', 'Jalan Pengiyasan 15 No.22', NULL, 4, 0, '2022-02-14 12:29:06', '2022-02-14 12:29:06'),
(93, 'Novi', 'Novi@gmail.com', '$2y$10$QHsvs6FskdHrNFk41WIEGOdQ12DHxZheLbKDI5bI.qlPDlWoDjhoq', '08977279921', 'Jalan Tukad Balian Gg.Godel No.10', NULL, 4, 0, '2022-02-14 12:49:34', '2022-02-14 12:49:34'),
(94, 'Piada', 'Piada@gmail.com', '$2y$10$PK9MypGIu4wpTBe6.F8LIOA/SlLtUcx99HIT8CrH1A4CU0AR.deVK', '087750993367', 'Jalan Kertha Raharja II Gg. 2', NULL, 4, 0, '2022-02-14 12:50:43', '2022-02-14 12:50:43'),
(95, 'Heru', 'Heru1@gamil.com', '$2y$10$7btdY4dQ741Ej5X4301rO.14XnQhOn/kBoPTIP8uOpeTp1yceabGm', '085732188778', 'Jalan Wirasatya I No. 8', NULL, 4, 0, '2022-02-14 12:51:34', '2022-02-14 12:51:34'),
(96, 'Komang Widnyana', 'Widnyana@gmail.com', '$2y$10$f54qQLVzJGLTmjLSlSmdgOIVcWI4Broo.9GmBBNmTslrE.Cc2xvcq', '081934644449', 'Jalan Tukad Balian Gg.Citra No.9A', NULL, 4, 0, '2022-02-14 12:52:19', '2022-02-14 12:52:19'),
(97, 'Maman', 'Maman@gmail.com', '$2y$10$ZZhlGFJNuowPU.UPe8MdROD7gcojoxPN.xHFmEPSrcyoAzYOLpv1e', '08121482381', 'Jalan Tukad Balian Gg. Damai No.15', NULL, 4, 0, '2022-02-14 12:53:03', '2022-02-14 12:53:03'),
(98, 'Ngaba', 'Ngaba@gmail.com', '$2y$10$DUpNsVN6vJbkksEqv6Hcd.U4bFQ.Dkh4WqbbeHS2z7QbNe40y753W', '085223247047', 'Jalan Tukad Balian Wirasatya VII Mp.8', NULL, 4, 0, '2022-02-14 13:05:44', '2022-02-14 13:05:44'),
(99, 'Imron', 'Imron@gmail.com', '$2y$10$7cxwUMNmcS3WE6h6MCslNeSU1BOHyK2dDJqHtpGpPBhAzD1Qb2ZLy', '085223552929', 'Jalan Wirasatya VI No.5', NULL, 4, 0, '2022-02-14 13:07:01', '2022-02-14 13:07:01'),
(100, 'Astutik', 'Astutik@gmail.com', '$2y$10$HfprGhsb4x.5MS3Y0X3dn.jOfJbLovlJKTjnLamuM75xKwCwhZQ0.', '081320409337', 'Jalan Suwung Kangin Gg. 2', NULL, 4, 0, '2022-02-14 13:09:37', '2022-02-14 13:09:37'),
(101, 'Ria Astutik', 'Riaastutik@gmail.com', '$2y$10$3PFDzkYzhmjQmpgCqt565eOYDVr9o.GWyH8l3FsZi1OfhA2JD996a', '085646844175', 'Jalan Tukad Balian 110', NULL, 4, 0, '2022-02-14 13:10:19', '2022-02-14 13:10:19'),
(102, 'Rini', 'Rini1@gmail.com', '$2y$10$cqiS3zqesk/lgz6uADVd.O/STYYsr5DNWale.FPH72FYyitLbFB1e', '085220602000', 'Jalan Kertha Raharja Gg.II No.10', NULL, 4, 0, '2022-02-14 13:11:34', '2022-02-14 13:11:34'),
(103, 'Nyoman Agus', 'Nyomanagus@gmail.com', '$2y$10$gZBvIpVIRb9L7QWvfsKdDu8ZX0pMYEtYub4ePjp1Sii4M/EdMTgMW', '085220442396', 'Jalan Wirasatya IV No.8B', NULL, 4, 0, '2022-02-14 13:12:18', '2022-02-14 13:12:18'),
(104, 'Nabila', 'Nabila1@gmail.com', '$2y$10$I6pj9ViGgQP3/X5qOOScaenCiRahaE1cSsusyD2ENSPiFAoM05tuG', '08562165265', 'Jalan Tukad Balian Gg. Nanggala No.11', NULL, 4, 0, '2022-02-14 13:12:56', '2022-02-14 13:12:56'),
(105, 'Sriasih', 'Sriasih1@gmail.com', '$2y$10$APIOuM2FvpIUYQomMwEMNe1KoLccY08wV/OKD6p8SbKVtDhvEyNHq', '085222201644', 'Jalan Tukad Balian Gg. Hawai No.7A', NULL, 4, 0, '2022-02-14 13:13:42', '2022-02-14 13:13:42'),
(106, 'Irin Agnes', 'Irin@gmail.com', '$2y$10$2YjcSGauHUhygTNgJGNLMOmLS25spKeDFxp07ShJ56ssHdZmoaoUK', '085238659598', 'Jalan Wirasatya IV/14', NULL, 4, 0, '2022-02-14 13:14:30', '2022-02-14 13:14:30'),
(107, 'Sudiana', 'Sudiana@gmail.com', '$2y$10$CzkERzYVnjDYzu2MiCfR3eMptaZyqKk04Eqw2VmbzkM/Xq837Zm76', '085721703668', 'Jalan Wirasatya I No.10', NULL, 4, 0, '2022-02-14 13:27:32', '2022-02-14 13:27:32'),
(108, 'Selvia', 'Selvia@gmail.com', '$2y$10$l6RJtJjIv/oSNM.ThGzuY.tnjSHz5CL20l5N71tCwzZTd54GHiOn2', '081224702228', 'Jalan Wirasatya II No.5', NULL, 4, 0, '2022-02-14 13:28:11', '2022-02-14 13:28:11'),
(109, 'Anik Kamdi', 'Anikkamdi@gmail.com', '$2y$10$kv.bJEYHNvrSpyDZChIqReWcNUvtpcTKIDb8W2r6DaBfKfZCfUz0C', '085227669419', 'Jalan Tukad Balian Gg. Buntu No.11', NULL, 4, 0, '2022-02-14 13:28:59', '2022-02-14 13:28:59'),
(110, 'Sumiati Sari', 'Sumiatisari@gmail.com', '$2y$10$PPOoCYxtREqB4ZqfLu62deN/F7ng.nMnP24dmlMAEJdxgCosjRTpi', '089694541644', 'Jalan Tukad Balian Gg. Bule No.15', NULL, 4, 0, '2022-02-14 13:30:29', '2022-02-14 13:30:29'),
(111, 'Kalista', 'Kalista1@gmail.com', '$2y$10$vytuzJ/fMJJaowMFSvvvCOvGu4x9znNS9E/rCK2Sl.gBahaXtdLn6', '08161325177', 'Jalan Tukad Balian 200', NULL, 4, 0, '2022-02-14 13:31:08', '2022-02-14 13:31:08'),
(112, 'Akbar', 'Akbar1@gmail.com', '$2y$10$FN4IO1HwdGHAX0Hn/dFxlu67i7tUZBuHhA8B/ASFyD.acx7BUwVuK', '085223912797', 'Jalan Wirasatya II No.17', NULL, 4, 0, '2022-02-14 13:31:50', '2022-02-14 13:31:50'),
(113, 'Yulianus', 'Yulianus@gmail.com', '$2y$10$1kkPWKpOOsuPzA7rBIZmhu7NQVo2dYHtDKlHE5i5hAKOu3VDxuv26', '085223479337', 'Jalan Tukad Balian Gg. Nagasari/7', NULL, 4, 0, '2022-02-14 13:35:43', '2022-02-14 13:35:43'),
(114, 'Yanto Prianto', 'Yantoprianto@gmail.com', '$2y$10$NdGsRmw.DsQ3VtI6vCIXbuoUUgsD.2VxNJQrJ2wpKOB1kt2pO.hu2', '089639749846', 'Jalan Tukad Balian Gg. Mawar No.9', NULL, 4, 0, '2022-02-14 13:36:59', '2022-02-14 13:36:59'),
(115, 'Siswoyo', 'Siswoyo@gmail.com', '$2y$10$3j.CkT7MZ8.D22F61FcSReXpeW27SHRcd2Uv4OZ.2t//s5Vx2ZrRa', '081321244460', 'Jalan Wirasatya VII No.8B', NULL, 4, 0, '2022-02-14 13:37:52', '2022-02-14 13:37:52'),
(116, 'Katmiadi', 'Katmiadi@gmail.com', '$2y$10$J/07f/AWE942rMaM7PzHTulExU2y1FGZRZ4gIsUT4zIF5KF7hjYxK', '082126983029', 'Jalan Kertha Rahayu No.10', NULL, 4, 0, '2022-02-14 13:39:44', '2022-02-14 13:39:44'),
(117, 'Heru Putra', 'Heruputra@gmail.com', '$2y$10$z6mP7idFBTWQmiHAE.yUeeeTYnjgNZJr4FRQQM7Jq5UxwO.HgJnUK', '085793485579', 'Jalan Wirasatya III No.12', NULL, 4, 0, '2022-02-14 13:41:28', '2022-02-14 13:41:28'),
(118, 'Made Suardi', 'Madesuardi@gmail.com', '$2y$10$zAYU1XZLh2v5SB2zx6L1EuYtNJMJxknkdaO2f1.hqqwiBz2rhphTu', '085223440687', 'Jalan Wirasatya II/16', NULL, 4, 0, '2022-02-14 13:42:11', '2022-02-14 13:42:11'),
(119, 'Wailan', 'Wailan@gmail.com', '$2y$10$KTRhvUbqSYjpvIRst5gxJe1HUA0.7vTbzYXN/hUBNt25cUp63EuAO', '085220292444', 'Jalan Tukad Balian Gg. Hawai No.9B', NULL, 4, 0, '2022-02-14 13:43:57', '2022-02-14 13:43:57'),
(120, 'Heri Suparno', 'Herisuparno@gmail.com', '$2y$10$R/jXF18IXQDfjiH6FzYD5.3haMlNiYv0hdLcQIih84RSG3FHRbmry', '08761359927', 'Jalan Kertha Petasikan', NULL, 4, 0, '2022-02-14 13:49:06', '2022-02-14 13:49:06'),
(121, 'Komang Al', 'Komangal@gmail.com', '$2y$10$eMlssJpyA0M4tEpr22Tlv.6tnjjqIq29A0/fQkiQNjSKcWDTMYdvu', '085316135448', 'Jalan Tukad Balian Bali Arum No.8', NULL, 4, 0, '2022-02-14 13:50:00', '2022-02-14 13:50:00'),
(122, 'Sena', 'Sena1@gmail.com', '$2y$10$f/rpsVdSfLrtRosELbX.YOAt5aIFeV1mPfPALW3EcvVg/PPkVSHY.', '085723478851', 'Jalan Tukad Balian Gg.Nuansa Sari No.1C', NULL, 4, 0, '2022-02-14 13:52:49', '2022-02-14 13:52:49'),
(123, 'Suwandi', 'Suwandi@gmail.com', '$2y$10$ry9/bQByCpy88cH8tVWbrOJ3tohF5L6EMbytEXFBqg6r2XOxnqmT.', '085724427576', 'Jalan Wirasatya VII Mp.8', NULL, 4, 0, '2022-02-14 13:55:51', '2022-02-14 13:55:51'),
(124, 'Bambang', 'Bambang1@gmail.com', '$2y$10$XYAG39onUTo4/.Dil8SvNeptYGFjseBUSD/c3jbsd34bHSQxxHhty', '085775623073', 'Jalan Wirasatya I/8A', NULL, 4, 0, '2022-02-14 13:57:30', '2022-02-14 13:57:30'),
(125, 'Anita', 'Anita1@gmail.com', '$2y$10$XHfzXY2mh/P/2FLdAcMDKewTwpk24pHgYMmx0mjx22OeR1OJEi50G', '089695349021', 'Jalan Wirasatya II No.8', NULL, 4, 0, '2022-02-14 14:02:07', '2022-02-14 14:02:07'),
(126, 'Desi', 'Desi1@gmail.com', '$2y$10$vkTS8GAUx6C5ipu9ZzWRTeU0hQg6SsKCe7nR8ARK8KVLX3ManDWjq', '08124623330', 'Jalan Tukad Balian Wirasatya VII', NULL, 4, 0, '2022-02-14 14:02:55', '2022-02-14 14:02:55'),
(127, 'Peter', 'Peter1@gmail.com', '$2y$10$2E3EZwaJbdVnH9mOx5392OF6csZtAkhCS7.ZOjmddM1MB.JzFIBjS', '085216251088', 'Jalan Tukad Balian Gg. Bule No.11C', NULL, 4, 0, '2022-02-14 14:03:47', '2022-02-14 14:03:47'),
(128, 'Heti', 'Heti1@gmail.com', '$2y$10$MPDdAl7TrCpPBl0jHd1Fq.e6qs2bsfIXCXN1z5VxIDYcWpRRcFWQO', '085604988189', 'Jalan Tukad Balian Gg.Citra No.5', NULL, 4, 0, '2022-02-14 14:08:15', '2022-02-14 14:08:15'),
(129, 'Dayu', 'Dayu1@gmail.com', '$2y$10$XXdvjBAP8jmLMSzQXK9D5OTxBunjy7LKtYA8EYOHkk.1EsCi2G2Oq', '082339369489', 'Jalan Suwung Kangin', NULL, 4, 0, '2022-02-14 14:10:43', '2022-02-14 14:10:43'),
(130, 'Yitno', 'Yitno1@gmail.com', '$2y$10$oSpGUkG6geo9HD1Kqivi5.qa/1o9ifvs6hrb65WZ7lsLD/WBq2QZC', '089624963420', 'Jalan Tukad Balian Gang 460 D', NULL, 4, 0, '2022-02-14 14:11:56', '2022-02-14 14:11:56'),
(131, 'Daniel', 'Daniel1@gmail.com', '$2y$10$0B0U9sGcdh5uZOQoKekGtOHUAqHr2OFa2s5T2wbaVEavYS5DgNIVC', '081119330241', 'Jalan Wirasatya IV No.5', NULL, 4, 0, '2022-02-14 14:16:08', '2022-02-14 14:16:08'),
(132, 'Elani Maya', 'Elanimaya@gmail.com', '$2y$10$sZDtC1oKpSK1T9jSn2gVDeA334WFTE1gssWfQt8vW0o6wJLbiXowe', '085855587927', 'Jalan Tukad Balian Gg. Rasta No.2', NULL, 4, 0, '2022-02-14 14:20:52', '2022-02-14 14:20:52'),
(133, 'Parno', 'Parno1@gmail.com', '$2y$10$y4jZ1oafO5wZz64ywRpWOONXmba8te1w7Xvr/J5wxLmZhSDJnL5OG', '085604993472', 'Jalan Wirasatya VII No.9A', NULL, 4, 0, '2022-02-14 14:22:23', '2022-02-14 14:22:23'),
(134, 'Kania', 'Kania1@gmail.com', '$2y$10$n8v/L2xPUxjRLhfypYsO4e5mcF54j/Coa.Q7ex9OuvF/0Y1SCseVG', '082245785096', 'Jalan Wirasatya II No.7', NULL, 4, 0, '2022-02-14 14:24:04', '2022-02-14 14:24:04'),
(135, 'Ketut Suwerti', 'Ketutsuwerti@gmail.com', '$2y$10$GH3rEPyL0cECUATOBHqxEe89POJ.e1PppD7fR3Z8TqLb1ZFQROy6W', '085604830616', 'Jalan Tukad Balian Gg. Nanggala No.6', NULL, 4, 0, '2022-02-14 14:28:09', '2022-02-14 14:28:09'),
(136, 'Eko Dewata', 'Ekodewata@gmail.com', '$2y$10$HbooP.v6Fz.XwYTf6gH3xevXZbOw9V.sw8UgMxjINECe/eFQ6xfJK', '081252509672', 'Jalan Tukad Balian Wirasatya IX No.4', NULL, 4, 0, '2022-02-14 14:37:00', '2022-02-14 14:37:00'),
(137, 'Hariyanto', 'Hariyanto@gmail.com', '$2y$10$8XKVMt.i45jB7Y.RmJaxPuw/5T1HInCdCXsA.5FO0WLkh3mR.fbhG', '085792242519', 'Jalan Tukad Balian Gg. Bule/14', NULL, 4, 0, '2022-02-14 14:37:48', '2022-02-14 14:37:48'),
(138, 'Cindra', 'Cindra1@gmail.com', '$2y$10$sQZ9cVW2RKrR3T8hSI6ERO136Dc8Noq4ddXpmlM/omlciipfuKDoi', '087889017760', 'Jalan Wirasatya III No.7', NULL, 4, 0, '2022-02-14 14:57:53', '2022-02-14 14:57:53'),
(139, 'Shelly', 'Shelly1@gmail.com', '$2y$10$eWtBo68B92tG97A2/T8AiO1g/uZtqlXExRsvT5r3WK88HXrYNyKzS', '081339699673', 'Jalan Tukad Balian Gg. Nagasaki no.4', NULL, 4, 0, '2022-02-14 14:58:38', '2022-02-14 14:58:38'),
(140, 'Sean Evans', 'Sean@gmail.com', '$2y$10$5IZZqk62pYVgm/T0MOtma.dwG1dopJEfwXqaKkIToaGjLgvjjLVIK', '082124992640', 'Jalan Tukad Balian Gg. Kalimanjing No.8', NULL, 4, 0, '2022-02-14 15:04:02', '2022-02-14 15:04:02'),
(141, 'Rudi', 'Rudi1@gmail.com', '$2y$10$0GW988rRDFuRCm/gtxliJ.njGnAjHKr6pOLQ88CXCV4E3tmxZQZqS', '085234114404', 'Jalan Wirasatya VI No.7', NULL, 4, 0, '2022-02-14 15:04:44', '2022-02-14 15:04:44'),
(142, 'Yeni', 'Yeni2@gmail.com', '$2y$10$K7n1lK0kfD/shcPZg7M4eetv5WRjh6oKZsjNb4em6HIBDJ2aDk7N6', '082333502246', 'Jalan Wirasatya V No.9', NULL, 4, 0, '2022-02-14 15:05:46', '2022-02-14 15:05:46'),
(143, 'Komang Nindri', 'Nindri@gmail.com', '$2y$10$DvdVMLuGhycjU6PNPkWJuONimYSb.zqjWz3V9lyk2KF.CsLPoUjLm', '085746515516', 'Jalan Tukad Balian Gg.Bule No.7', NULL, 4, 0, '2022-02-14 15:12:01', '2022-02-14 15:12:01'),
(144, 'Winda', 'Winda1@gmail.com', '$2y$10$8267AKnOKB9fUuJ9sWwH.OJu2faedxPXIwfI0SS09Qjlx/F3RxeqK', '085236554287', 'Jalan Tukad Balian Gg. Godel No.4', NULL, 4, 0, '2022-02-14 15:12:38', '2022-02-14 15:12:38'),
(145, 'Shelvi Dwi Angga', 'Shelvi@gmail.com', '$2y$10$f7S1DtdFd4gFf.YMLHMajujtA5QG4TQoM3o.DLMvxOgJI3WUIF0de', '087878956300', 'Jalan Tukad Balian Gg.Citra No.11', NULL, 4, 0, '2022-02-14 15:13:22', '2022-02-14 15:13:22'),
(146, 'Suryadi', 'Suryadi@gmail.com', '$2y$10$qJsYGc3nI8vdEp726jQuAuWGbFMZocvA.bgmXd2/7UuXzYeQxOb3m', '081999060845', 'Jalan Tukad Balian Gang Damai No.7', NULL, 4, 0, '2022-02-14 15:14:01', '2022-02-14 15:14:01'),
(147, 'Subagiyo', 'Subagiyo1@gmail.com', '$2y$10$ozsfbtgtM.naERdylG5bpul9o2lc4I4ypncGoD/3vz5j5C9yQbswm', '08165728059', 'Jalan Kertha Petasikan', NULL, 4, 0, '2022-02-14 15:14:46', '2022-02-14 15:14:46'),
(148, 'A.A Yuni Kencana', 'Yunikencana@gmail.com', '$2y$10$VSc7MgTTVdI/Wg/oAMh0e.4LGWvP0lwHULojuxV2q7ipbLHW4z8o.', '082244234550', 'Jalan Wirasatya VII MP.6', NULL, 4, 1, '2022-02-14 15:15:23', '2022-02-18 11:15:18'),
(149, 'Anak Agung Ayu Adnyawati', 'Ayuadnyawati@gmail.com', '$2y$10$BpDksP42q0u2POg3THnzUOqUaw.kT1Cuph7OJfRKrguCMbfowS..m', '0895333314262', 'Jalan Tukad Balian No.297', NULL, 4, 0, '2022-02-14 15:16:22', '2022-02-14 15:16:22'),
(150, 'Ngurah Haryono', 'Ngurah@gmail.com', '$2y$10$xWVmMrslhoBbsZPrNw1YR.MtA.c04aL/0GffsxA4mJvMFb9dw875S', '081239709568', 'Jalan Tukad Balian Wirasatya VII Mp.7', NULL, 4, 0, '2022-02-14 15:17:07', '2022-02-14 15:17:07'),
(151, 'Rudy', 'Rudy1@gmail.com', '$2y$10$sliB45.IGmuz83GAyGfFO.kNjnbhlqqtKHw3.rydcvYwUQ9kKF6/O', '081917355566', 'Jalan Tukad Balian Gg. Damai No.5', NULL, 4, 0, '2022-02-14 15:17:55', '2022-02-14 15:17:55'),
(152, 'Berril', 'Berril1@gmail.com', '$2y$10$JPNOP1M53luxkHz2oAEBiuHm5BZrHSjg25Dvwe/t60M210Es.ypy.', '08124637276', 'Jalan Tukad Balian Wirasatya VII No 7A', NULL, 4, 0, '2022-02-14 15:18:29', '2022-02-14 15:18:29'),
(153, 'Ida Bagus Lingga', 'Baguslingga@gmail.com', '$2y$10$B/EX1Ir9smC4n1rQ7tA5C.JmeLlPOcJ0YNVj04ZBblCRctiHawYAC', '081999012570', 'Jalan Wirasatya II/2', NULL, 4, 0, '2022-02-14 15:19:10', '2022-02-14 15:19:10'),
(154, 'Agus Eka Putra', 'Aguseka@gmail.com', '$2y$10$06aQURFLAKGV.t7Cqj5Nr.IASXzvMBlpKs1wpAMLnA9joO5lDHfHK', '081353223267', 'Jl. WIrasatya II No. 12A', NULL, 4, 0, '2022-02-21 11:38:43', '2022-02-21 11:38:43'),
(155, 'Dayu Bintang', 'Dbintang@gmail.com', '$2y$10$jaQkPF8OSHVNve5gl5thRugefSBrkC3YT3k8xJudfY.OkpkRIru3W', '81224556787', 'Jl. Tukad Balian Gang Bule No.1A', NULL, 4, 0, '2022-02-21 11:41:21', '2022-02-21 11:41:21'),
(156, 'Admin 2', 'admin2@gmail.com', '$2y$10$6NMOUa/Bp3CrikadHBhRX.UfVDoFjQfnaRHZfHVqOmit.7CmaWSay', '0899', 'admin2', NULL, 5, 1, '2022-03-10 07:04:12', '2022-03-24 12:16:21'),
(157, 'Karpi', 'karpi@gmail.com', '$2y$10$GaI2ZvRYw76LhF9TzX2HROtzMZib8hewCOjyS.8RehVW2hAJVXdtq', '081337655160', 'Jl. Tukad Balian Gang Bule No.1x', NULL, 4, 0, '2022-03-24 13:07:45', '2022-03-24 13:07:45'),
(158, 'Dian Arya', 'Dianarya@gmail.com', '$2y$10$pkmhDH.n.AbZWWoKafWsKe2HbyQIFF29yT2Vu6j3hCh53JnurGTri', '081235675443', 'Jl. Tukad Balian Wirasatya IV No. 8', NULL, 4, 0, '2022-04-07 12:11:56', '2022-04-07 12:12:41'),
(159, 'Diah Rara', 'Diahrara@gmail.com', '$2y$10$40naQt7YKZ5nsHqYJCjZuO9.6btfvAqLB6Q12hRO9jjnA3Ufye90G', '089223556732', 'Jl. Tukad Balian Gg. Nanggala 7', NULL, 4, 0, '2022-04-07 12:13:46', '2022-04-07 12:13:46'),
(160, 'Anggraeni', 'Anggraeni@gmail.com', '$2y$10$oKRiomnj3ML8Xq5ch0raKeuzmnCrbajGIAm/xa5QbWgc8aT7YkP9G', '085678542110', 'Tukad Balian Gang Damai No.3A', NULL, 4, 0, '2022-04-07 12:20:44', '2022-04-07 12:20:44');

--
-- Indexes for dumped tables
--

--
-- Indeks untuk tabel `berandas`
--
ALTER TABLE `berandas`
  ADD PRIMARY KEY (`id`);

--
-- Indeks untuk tabel `galeries`
--
ALTER TABLE `galeries`
  ADD PRIMARY KEY (`id`);

--
-- Indeks untuk tabel `jenis_sampahs`
--
ALTER TABLE `jenis_sampahs`
  ADD PRIMARY KEY (`id`);

--
-- Indeks untuk tabel `migrations`
--
ALTER TABLE `migrations`
  ADD PRIMARY KEY (`id`);

--
-- Indeks untuk tabel `sampahs`
--
ALTER TABLE `sampahs`
  ADD PRIMARY KEY (`id`),
  ADD KEY `sampahs_id_jenis_foreign` (`id_jenis`),
  ADD KEY `sampahs_id_transaksi_foreign` (`id_transaksi`);

--
-- Indeks untuk tabel `sampah_menus`
--
ALTER TABLE `sampah_menus`
  ADD PRIMARY KEY (`id`);

--
-- Indeks untuk tabel `tabungans`
--
ALTER TABLE `tabungans`
  ADD PRIMARY KEY (`id`),
  ADD KEY `tabungans_user_id_foreign` (`user_id`);

--
-- Indeks untuk tabel `transaksis`
--
ALTER TABLE `transaksis`
  ADD PRIMARY KEY (`id`),
  ADD KEY `transaksis_admin_foreign` (`admin`),
  ADD KEY `transaksis_user_foreign` (`user`);

--
-- Indeks untuk tabel `users`
--
ALTER TABLE `users`
  ADD PRIMARY KEY (`id`),
  ADD UNIQUE KEY `users_email_unique` (`email`),
  ADD UNIQUE KEY `users_telpon_unique` (`telpon`);

--
-- AUTO_INCREMENT untuk tabel yang dibuang
--

--
-- AUTO_INCREMENT untuk tabel `berandas`
--
ALTER TABLE `berandas`
  MODIFY `id` bigint(20) UNSIGNED NOT NULL AUTO_INCREMENT, AUTO_INCREMENT=2;

--
-- AUTO_INCREMENT untuk tabel `galeries`
--
ALTER TABLE `galeries`
  MODIFY `id` bigint(20) UNSIGNED NOT NULL AUTO_INCREMENT, AUTO_INCREMENT=11;

--
-- AUTO_INCREMENT untuk tabel `jenis_sampahs`
--
ALTER TABLE `jenis_sampahs`
  MODIFY `id` bigint(20) UNSIGNED NOT NULL AUTO_INCREMENT, AUTO_INCREMENT=43;

--
-- AUTO_INCREMENT untuk tabel `migrations`
--
ALTER TABLE `migrations`
  MODIFY `id` int(10) UNSIGNED NOT NULL AUTO_INCREMENT, AUTO_INCREMENT=9;

--
-- AUTO_INCREMENT untuk tabel `sampahs`
--
ALTER TABLE `sampahs`
  MODIFY `id` bigint(20) UNSIGNED NOT NULL AUTO_INCREMENT, AUTO_INCREMENT=1800;

--
-- AUTO_INCREMENT untuk tabel `sampah_menus`
--
ALTER TABLE `sampah_menus`
  MODIFY `id` bigint(20) UNSIGNED NOT NULL AUTO_INCREMENT, AUTO_INCREMENT=43;

--
-- AUTO_INCREMENT untuk tabel `tabungans`
--
ALTER TABLE `tabungans`
  MODIFY `id` bigint(20) UNSIGNED NOT NULL AUTO_INCREMENT, AUTO_INCREMENT=536;

--
-- AUTO_INCREMENT untuk tabel `transaksis`
--
ALTER TABLE `transaksis`
  MODIFY `id` bigint(20) UNSIGNED NOT NULL AUTO_INCREMENT, AUTO_INCREMENT=375;

--
-- AUTO_INCREMENT untuk tabel `users`
--
ALTER TABLE `users`
  MODIFY `id` bigint(20) UNSIGNED NOT NULL AUTO_INCREMENT, AUTO_INCREMENT=161;

--
-- Ketidakleluasaan untuk tabel pelimpahan (Dumped Tables)
--

--
-- Ketidakleluasaan untuk tabel `sampahs`
--
ALTER TABLE `sampahs`
  ADD CONSTRAINT `sampahs_id_jenis_foreign` FOREIGN KEY (`id_jenis`) REFERENCES `jenis_sampahs` (`id`),
  ADD CONSTRAINT `sampahs_id_transaksi_foreign` FOREIGN KEY (`id_transaksi`) REFERENCES `transaksis` (`id`);

--
-- Ketidakleluasaan untuk tabel `tabungans`
--
ALTER TABLE `tabungans`
  ADD CONSTRAINT `tabungans_user_id_foreign` FOREIGN KEY (`user_id`) REFERENCES `users` (`id`);

--
-- Ketidakleluasaan untuk tabel `transaksis`
--
ALTER TABLE `transaksis`
  ADD CONSTRAINT `transaksis_admin_foreign` FOREIGN KEY (`admin`) REFERENCES `users` (`id`),
  ADD CONSTRAINT `transaksis_user_foreign` FOREIGN KEY (`user`) REFERENCES `users` (`id`);
COMMIT;

/*!40101 SET CHARACTER_SET_CLIENT=@OLD_CHARACTER_SET_CLIENT */;
/*!40101 SET CHARACTER_SET_RESULTS=@OLD_CHARACTER_SET_RESULTS */;
/*!40101 SET COLLATION_CONNECTION=@OLD_COLLATION_CONNECTION */;
